TimeStamp_C,,,Values_N,Values_30,Values_60,Values_45
00:00.1,,,0,0,0,0.017
00:00.2,,,0,0,2,0.017
00:00.3,,,0,0,0,3.919
00:00.4,,,0,0,2,41.02
00:00.5,,,0,-1.9,0,64.52
00:00.6,,,-1.9,-1.9,0,76.22
00:00.7,,,-1.9,-1.9,0,78.22
00:00.8,,,-1.9,-1.9,25.4,78.22
00:00.9,,,0,21.5,39.1,78.22
00:01.0,,,0,66.4,50.8,78.22
00:01.1,,,0,97.7,50.8,78.22
00:01.2,,,0,97.7,52.8,80.12
00:01.3,,,0,97.7,52.8,78.22
00:01.4,,,0,95.7,54.7,78.22
00:01.5,,,-1.9,97.7,50.8,78.22
00:01.6,,,-1.9,97.7,52.8,76.22
00:01.7,,,0,97.7,54.7,76.22
00:01.8,,,-1.9,99.6,54.7,76.22
00:01.9,,,-1.9,97.7,54.7,78.22
00:02.0,,,0,97.7,54.7,78.22
00:02.1,,,0,97.7,52.8,80.12
00:02.2,,,0,97.7,52.8,80.12
00:02.3,,,-1.9,97.7,50.8,80.12
00:02.4,,,-1.9,95.7,50.8,76.22
00:02.5,,,0,95.7,52.8,76.22
00:02.6,,,-1.9,95.7,52.8,76.22
00:02.7,,,0,95.7,52.8,76.22
00:02.8,,,0,95.7,52.8,74.32
00:02.9,,,-1.9,95.7,50.8,72.32
00:03.0,,,0,95.7,52.8,66.42
00:03.1,,,-1.9,95.7,52.8,60.61
00:03.2,,,0,89.9,52.8,54.71
00:03.3,,,-1.9,86,50.8,48.91
00:03.4,,,-1.9,84,48.9,50.81
00:03.5,,,-1.9,82.1,46.9,50.81
00:03.6,,,0,80.1,48.9,50.81
00:03.7,,,-1.9,80.1,50.8,52.81
00:03.8,,,0,76.2,52.8,56.72
00:03.9,,,0,72.3,52.8,60.62
00:04.0,,,0,74.3,48.9,62.52
00:04.1,,,-1.9,74.3,48.9,66.42
00:04.2,,,0,74.3,48.9,68.42
00:04.3,,,-1.9,72.3,50.8,66.42
00:04.4,,,0,66.4,48.9,68.42
00:04.5,,,-1.9,58.6,48.9,68.42
00:04.6,,,-1.9,56.7,50.8,68.42
00:04.7,,,-1.9,60.6,52.8,68.42
00:04.8,,,0,70.3,52.8,68.42
00:04.9,,,0,76.2,50.8,72.32
00:05.0,,,0,80.1,50.8,74.32
00:05.1,,,-1.9,87.9,48.9,76.22
00:05.2,,,-1.9,91.8,50.8,76.22
00:05.3,,,0,93.8,52.8,76.22
00:05.4,,,-1.9,93.8,52.8,76.22
00:05.5,,,-1.9,95.7,52.8,76.22
00:05.6,,,0,97.7,50.8,78.22
00:05.7,,,-1.9,95.7,52.8,78.22
00:05.8,,,-1.9,95.7,52.8,78.22
00:05.9,,,0,95.7,52.8,76.22
00:06.0,,,-1.9,95.7,50.8,78.22
00:06.1,,,0,95.7,52.8,80.12
00:06.2,,,37.1,95.7,52.8,78.22
00:06.3,,,78.2,95.7,52.8,80.12
00:06.4,,,101.6,95.7,54.7,80.12
00:06.5,,,99.6,95.7,50.8,78.22
00:06.6,,,101.6,93.8,52.8,78.22
00:06.7,,,99.6,87.9,50.8,78.22
00:06.8,,,97.7,89.9,52.8,76.22
00:06.9,,,97.7,87.9,52.8,72.32
00:07.0,,,97.7,84,50.8,72.32
00:07.1,,,97.7,82.1,52.8,74.32
00:07.2,,,97.7,80.1,50.8,74.32
00:07.3,,,97.7,84,52.8,74.32
00:07.4,,,97.7,87.9,52.8,70.32
00:07.5,,,97.7,93.8,50.8,68.42
00:07.6,,,99.6,91.8,50.8,68.42
00:07.7,,,99.6,89.9,50.8,68.42
00:07.8,,,99.6,89.9,50.8,68.42
00:07.9,,,101.6,89.9,50.8,68.42
00:08.0,,,101.6,91.8,50.8,66.42
00:08.1,,,101.6,91.8,52.8,68.42
00:08.2,,,101.6,91.8,52.8,72.32
00:08.3,,,101.6,91.8,52.8,74.32
00:08.4,,,99.6,93.8,50.8,74.32
00:08.5,,,93.8,93.8,50.8,74.32
00:08.6,,,86,91.8,50.8,76.22
00:08.7,,,80.1,91.8,50.8,76.22
00:08.8,,,74.3,91.8,50.8,76.22
00:08.9,,,68.4,93.8,50.8,76.22
00:09.0,,,64.5,93.8,48.9,76.22
00:09.1,,,60.6,95.7,48.9,76.22
00:09.2,,,54.7,95.7,48.9,74.32
00:09.3,,,50.8,89.9,48.9,74.32
00:09.4,,,48.9,87.9,50.8,76.22
00:09.5,,,45,86,48.9,76.22
00:09.6,,,46.9,86,48.9,74.32
00:09.7,,,46.9,87.9,48.9,72.32
00:09.8,,,48.9,87.9,50.8,72.32
00:09.9,,,46.9,87.9,50.8,70.32
00:10.0,,,48.9,86,50.8,66.42
00:10.1,,,56.7,86,48.9,66.42
00:10.2,,,64.5,84,50.8,68.42
00:10.3,,,70.3,86,50.8,68.42
00:10.4,,,74.3,87.9,52.8,68.42
00:10.5,,,76.2,91.8,52.8,72.32
00:10.6,,,82.1,93.8,52.8,70.32
00:10.7,,,84,93.8,52.8,68.42
00:10.8,,,82.1,93.8,52.8,68.42
00:10.9,,,89.9,95.7,52.8,68.42
00:11.0,,,95.7,95.7,52.8,68.42
00:11.1,,,97.7,95.7,50.8,66.42
00:11.2,,,97.7,95.7,52.8,70.32
00:11.3,,,99.6,95.7,54.7,72.32
00:11.4,,,97.7,91.8,52.8,72.32
00:11.5,,,97.7,87.9,52.8,70.32
00:11.6,,,99.6,84,50.8,74.32
00:11.7,,,97.7,78.2,50.8,74.32
00:11.8,,,99.6,70.3,50.8,72.32
00:11.9,,,101.6,60.6,52.8,70.32
00:12.0,,,99.6,60.6,50.8,68.42
00:12.1,,,93.8,60.6,52.8,64.52
00:12.2,,,87.9,70.3,50.8,60.62
00:12.3,,,82.1,78.2,50.8,60.62
00:12.4,,,74.3,84,48.9,58.61
00:12.5,,,70.3,86,50.8,56.72
00:12.6,,,66.4,87.9,50.8,58.62
00:12.7,,,66.4,89.9,50.8,64.52
00:12.8,,,70.3,91.8,50.8,72.32
00:12.9,,,66.4,87.9,48.9,74.32
00:13.0,,,68.4,86,48.9,76.22
00:13.1,,,68.4,84,50.8,74.32
00:13.2,,,68.4,78.2,50.8,76.22
00:13.3,,,66.4,70.3,50.8,78.22
00:13.4,,,66.4,68.4,48.9,78.22
00:13.5,,,68.4,62.5,52.8,78.22
00:13.6,,,68.4,68.4,52.8,76.22
00:13.7,,,66.4,74.3,50.8,76.22
00:13.8,,,64.5,86,52.8,76.22
00:13.9,,,60.6,89.9,50.8,76.22
00:14.0,,,58.6,93.8,50.8,78.22
00:14.1,,,62.5,95.7,46.9,78.22
00:14.2,,,68.4,93.8,50.8,78.22
00:14.3,,,72.3,93.8,50.8,78.22
00:14.4,,,80.1,91.8,48.9,78.22
00:14.5,,,86,91.8,50.8,76.22
00:14.6,,,89.9,93.8,52.8,76.22
00:14.7,,,91.8,93.8,50.8,76.22
00:14.8,,,89.9,97.7,52.8,78.22
00:14.9,,,89.9,95.7,50.8,76.22
00:15.0,,,93.8,97.7,50.8,76.22
00:15.1,,,93.8,95.7,50.8,78.22
00:15.2,,,93.8,97.7,48.9,76.22
00:15.3,,,93.8,97.7,48.9,74.32
00:15.4,,,95.7,99.6,50.8,70.32
00:15.5,,,93.8,97.7,48.9,66.42
00:15.6,,,93.8,99.6,48.9,62.52
00:15.7,,,91.8,97.7,48.9,62.52
00:15.8,,,93.8,97.7,46.9,64.52
00:15.9,,,93.8,97.7,46.9,62.52
00:16.0,,,95.7,95.7,46.9,60.61
00:16.1,,,93.8,95.7,50.8,54.71
00:16.2,,,91.8,95.7,48.9,54.72
00:16.3,,,86,93.8,50.8,60.62
00:16.4,,,82.1,93.8,50.8,66.42
00:16.5,,,80.1,89.9,50.8,72.32
00:16.6,,,74.3,89.9,50.8,74.32
00:16.7,,,68.4,89.9,48.9,76.22
00:16.8,,,62.5,89.9,52.8,76.22
00:16.9,,,58.6,87.9,48.9,72.32
00:17.0,,,58.6,91.8,50.8,76.22
00:17.1,,,56.7,93.8,48.9,76.22
00:17.2,,,52.8,95.7,48.9,76.22
00:17.3,,,50.8,93.8,48.9,78.22
00:17.4,,,56.7,89.9,46.9,78.22
00:17.5,,,68.4,89.9,46.9,76.22
00:17.6,,,78.2,93.8,43,78.22
00:17.7,,,84,95.7,43,76.22
00:17.8,,,87.9,95.7,45,78.22
00:17.9,,,87.9,95.7,46.9,76.22
00:18.0,,,87.9,95.7,46.9,74.32
00:18.1,,,87.9,95.7,46.9,74.32
00:18.2,,,89.9,95.7,48.9,72.32
00:18.3,,,95.7,95.7,50.8,70.32
00:18.4,,,95.7,93.8,50.8,70.32
00:18.5,,,95.7,93.8,52.8,70.32
00:18.6,,,95.7,93.8,52.8,70.32
00:18.7,,,97.7,95.7,52.8,70.32
00:18.8,,,97.7,95.7,54.7,72.32
00:18.9,,,97.7,97.7,54.7,72.32
00:19.0,,,97.7,97.7,52.8,70.32
00:19.1,,,97.7,95.7,54.7,70.32
00:19.2,,,97.7,95.7,54.7,66.42
00:19.3,,,97.7,93.8,52.8,62.51
00:19.4,,,93.8,99.6,52.8,56.71
00:19.5,,,93.8,97.7,52.8,52.81
00:19.6,,,87.9,95.7,52.8,48.91
00:19.7,,,86,95.7,52.8,46.91
00:19.8,,,86,95.7,50.8,48.91
00:19.9,,,84,91.8,50.8,56.72
00:20.0,,,80.1,91.8,50.8,60.62
00:20.1,,,76.2,89.9,50.8,62.52
00:20.2,,,74.3,86,48.9,64.52
00:20.3,,,68.4,86,48.9,64.52
00:20.4,,,64.5,80.1,50.8,62.52
00:20.5,,,64.5,80.1,50.8,60.62
00:20.6,,,68.4,84,50.8,58.62
00:20.7,,,70.3,89.9,48.9,58.62
00:20.8,,,70.3,91.8,48.9,62.52
00:20.9,,,72.3,91.8,48.9,66.42
00:21.0,,,78.2,91.8,48.9,66.42
00:21.1,,,82.1,93.8,46.9,66.42
00:21.2,,,86,93.8,46.9,70.32
00:21.3,,,89.9,93.8,46.9,72.32
00:21.4,,,91.8,89.9,48.9,76.22
00:21.5,,,91.8,89.9,46.9,74.32
00:21.6,,,93.8,89.9,46.9,76.22
00:21.7,,,95.7,91.8,45,76.22
00:21.8,,,97.7,93.8,45,74.32
00:21.9,,,97.7,93.8,43,76.22
00:22.0,,,97.7,95.7,43,76.22
00:22.1,,,97.7,93.8,45,78.22
00:22.2,,,95.7,93.8,46.9,76.22
00:22.3,,,95.7,93.8,46.9,76.22
00:22.4,,,95.7,95.7,48.9,76.22
00:22.5,,,95.7,95.7,46.9,78.22
00:22.6,,,95.7,89.9,50.8,74.32
00:22.7,,,97.7,91.8,52.8,74.32
00:22.8,,,97.7,93.8,52.8,74.32
00:22.9,,,97.7,93.8,52.8,76.22
00:23.0,,,95.7,95.7,54.7,74.32
00:23.1,,,89.9,97.7,54.7,78.22
00:23.2,,,86,97.7,52.8,76.22
00:23.3,,,82.1,95.7,54.7,76.22
00:23.4,,,80.1,97.7,54.7,74.32
00:23.5,,,78.2,97.7,52.8,74.32
00:23.6,,,74.3,97.7,54.7,74.32
00:23.7,,,70.3,99.6,52.8,74.32
00:23.8,,,72.3,97.7,52.8,76.22
00:23.9,,,78.2,97.7,52.8,74.32
00:24.0,,,87.9,89.9,52.8,76.22
00:24.1,,,89.9,86,52.8,76.22
00:24.2,,,89.9,86,50.8,78.22
00:24.3,,,89.9,80.1,52.8,76.22
00:24.4,,,89.9,80.1,50.8,76.22
00:24.5,,,84,76.2,50.8,78.22
00:24.6,,,80.1,78.2,50.8,78.22
00:24.7,,,80.1,78.2,50.8,78.22
00:24.8,,,82.1,76.2,50.8,76.22
00:24.9,,,86,76.2,48.9,74.32
00:25.0,,,87.9,84,48.9,74.32
00:25.1,,,89.9,86,48.9,76.22
00:25.2,,,91.8,86,46.9,74.32
00:25.3,,,91.8,87.9,48.9,76.22
00:25.4,,,93.8,89.9,48.9,74.32
00:25.5,,,95.7,91.8,46.9,74.32
00:25.6,,,97.7,89.9,48.9,76.22
00:25.7,,,95.7,93.8,48.9,74.32
00:25.8,,,93.8,95.7,46.9,76.22
00:25.9,,,91.8,95.7,48.9,76.22
00:26.0,,,89.9,93.8,48.9,76.22
00:26.1,,,86,95.7,50.8,74.32
00:26.2,,,86,95.7,52.8,76.22
00:26.3,,,84,95.7,50.8,78.22
00:26.4,,,84,95.7,50.8,78.22
00:26.5,,,87.9,95.7,52.8,74.32
00:26.6,,,91.8,95.7,52.8,72.32
00:26.7,,,93.8,95.7,54.7,70.32
00:26.8,,,89.9,95.7,52.8,70.32
00:26.9,,,87.9,95.7,52.8,72.32
00:27.0,,,86,95.7,52.8,74.32
00:27.1,,,86,95.7,52.8,74.32
00:27.2,,,89.9,95.7,52.8,76.22
00:27.3,,,93.8,95.7,50.8,74.32
00:27.4,,,97.7,95.7,52.8,76.22
00:27.5,,,97.7,95.7,52.8,74.32
00:27.6,,,97.7,95.7,50.8,74.32
00:27.7,,,95.7,95.7,50.8,72.32
00:27.8,,,93.8,95.7,48.9,70.32
00:27.9,,,89.9,95.7,48.9,66.42
00:28.0,,,86,95.7,50.8,64.52
00:28.1,,,80.1,95.7,50.8,64.52
00:28.2,,,76.2,95.7,50.8,62.52
00:28.3,,,74.3,95.7,50.8,60.62
00:28.4,,,72.3,95.7,48.9,58.61
00:28.5,,,74.3,97.7,50.8,56.72
00:28.6,,,76.2,97.7,50.8,58.62
00:28.7,,,78.2,99.6,50.8,68.42
00:28.8,,,84,93.8,50.8,70.32
00:28.9,,,86,89.9,50.8,74.32
00:29.0,,,89.9,86,46.9,76.22
00:29.1,,,91.8,84,46.9,76.22
00:29.2,,,93.8,86,46.9,78.22
00:29.3,,,93.8,82.1,46.9,78.22
00:29.4,,,93.8,82.1,50.8,78.22
00:29.5,,,91.8,82.1,50.8,80.12
00:29.6,,,87.9,82.1,52.8,76.22
00:29.7,,,82.1,76.2,50.8,76.22
00:29.8,,,76.2,82.1,52.8,76.22
00:29.9,,,80.1,82.1,50.8,78.22
00:30.0,,,84,80.1,48.9,76.22
00:30.1,,,91.8,78.2,48.9,72.32
00:30.2,,,91.8,82.1,48.9,66.42
00:30.3,,,91.8,87.9,46.9,66.42
00:30.4,,,93.8,89.9,48.9,64.52
00:30.5,,,95.7,93.8,48.9,66.42
00:30.6,,,97.7,93.8,48.9,66.42
00:30.7,,,95.7,93.8,48.9,70.32
00:30.8,,,95.7,91.8,48.9,70.32
00:30.9,,,95.7,87.9,48.9,72.32
00:31.0,,,93.8,87.9,46.9,74.32
00:31.1,,,93.8,87.9,48.9,74.32
00:31.2,,,89.9,86,50.8,76.22
00:31.3,,,91.8,89.9,48.9,76.22
00:31.4,,,93.8,93.8,48.9,76.22
00:31.5,,,95.7,95.7,46.9,76.22
00:31.6,,,97.7,95.7,50.8,70.32
00:31.7,,,97.7,95.7,50.8,70.32
00:31.8,,,97.7,95.7,50.8,72.32
00:31.9,,,97.7,95.7,48.9,70.32
00:32.0,,,97.7,93.8,50.8,72.32
00:32.1,,,97.7,91.8,50.8,74.32
00:32.2,,,95.7,89.9,48.9,76.22
00:32.3,,,93.8,89.9,52.8,78.22
00:32.4,,,91.8,89.9,50.8,74.32
00:32.5,,,91.8,89.9,50.8,72.32
00:32.6,,,89.9,95.7,52.8,70.32
00:32.7,,,87.9,95.7,50.8,66.42
00:32.8,,,84,95.7,50.8,64.52
00:32.9,,,84,95.7,50.8,62.52
00:33.0,,,84,95.7,50.8,60.62
00:33.1,,,87.9,97.7,52.8,62.52
00:33.2,,,91.8,97.7,50.8,62.52
00:33.3,,,89.9,97.7,50.8,60.62
00:33.4,,,86,97.7,50.8,62.52
00:33.5,,,80.1,95.7,50.8,60.62
00:33.6,,,78.2,95.7,50.8,58.61
00:33.7,,,82.1,97.7,52.8,56.71
00:33.8,,,87.9,95.7,52.8,56.72
00:33.9,,,89.9,95.7,50.8,60.62
00:34.0,,,86,95.7,50.8,60.62
00:34.1,,,84,95.7,50.8,60.62
00:34.2,,,86,95.7,50.8,62.52
00:34.3,,,91.8,93.8,48.9,64.52
00:34.4,,,93.8,93.8,46.9,66.42
00:34.5,,,93.8,93.8,46.9,70.32
00:34.6,,,95.7,93.8,45,68.42
00:34.7,,,95.7,93.8,45,64.52
00:34.8,,,97.7,95.7,45,62.52
00:34.9,,,99.6,93.8,45,60.62
00:35.0,,,99.6,91.8,43,58.62
00:35.1,,,97.7,91.8,46.9,62.52
00:35.2,,,97.7,86,46.9,62.52
00:35.3,,,97.7,84,48.9,64.52
00:35.4,,,95.7,86,48.9,64.52
00:35.5,,,95.7,89.9,50.8,66.42
00:35.6,,,91.8,93.8,52.8,68.42
00:35.7,,,89.9,95.7,50.8,68.42
00:35.8,,,89.9,95.7,52.8,72.32
00:35.9,,,87.9,95.7,52.8,74.32
00:36.0,,,84,95.7,52.8,76.22
00:36.1,,,80.1,93.8,50.8,78.22
00:36.2,,,76.2,89.9,48.9,78.22
00:36.3,,,72.3,89.9,46.9,76.22
00:36.4,,,76.2,91.8,46.9,78.22
00:36.5,,,82.1,95.7,46.9,78.22
00:36.6,,,84,95.7,46.9,78.22
00:36.7,,,89.9,97.7,48.9,80.12
00:36.8,,,91.8,95.7,46.9,78.22
00:36.9,,,91.8,95.7,46.9,78.22
00:37.0,,,93.8,95.7,48.9,78.22
00:37.1,,,89.9,93.8,48.9,78.22
00:37.2,,,86,91.8,50.8,78.22
00:37.3,,,86,91.8,52.8,78.22
00:37.4,,,87.9,89.9,50.8,78.22
00:37.5,,,89.9,89.9,50.8,78.22
00:37.6,,,89.9,89.9,48.9,78.22
00:37.7,,,89.9,86,50.8,76.22
00:37.8,,,89.9,82.1,50.8,74.32
00:37.9,,,89.9,78.2,50.8,76.22
00:38.0,,,87.9,74.3,50.8,78.22
00:38.1,,,84,76.2,50.8,78.22
00:38.2,,,84,84,52.8,78.22
00:38.3,,,84,87.9,54.7,78.22
00:38.4,,,80.1,91.8,54.7,76.22
00:38.5,,,78.2,87.9,52.8,78.22
00:38.6,,,74.3,86,52.8,78.22
00:38.7,,,70.3,87.9,54.7,76.22
00:38.8,,,68.4,91.8,52.8,74.32
00:38.9,,,68.4,93.8,54.7,76.22
00:39.0,,,62.5,93.8,54.7,76.22
00:39.1,,,60.6,93.8,54.7,76.22
00:39.2,,,60.6,93.8,54.7,74.32
00:39.3,,,64.5,95.7,52.8,76.22
00:39.4,,,70.3,95.7,54.7,74.32
00:39.5,,,70.3,95.7,54.7,74.32
00:39.6,,,68.4,93.8,52.8,74.32
00:39.7,,,72.3,93.8,52.8,74.32
00:39.8,,,80.1,97.7,52.8,76.22
00:39.9,,,89.9,97.7,50.8,76.22
00:40.0,,,91.8,97.7,50.8,76.22
00:40.1,,,95.7,97.7,50.8,76.22
00:40.2,,,95.7,97.7,52.8,76.22
00:40.3,,,93.8,95.7,52.8,76.22
00:40.4,,,91.8,95.7,50.8,78.22
00:40.5,,,93.8,97.7,50.8,78.22
00:40.6,,,93.8,95.7,48.9,78.22
00:40.7,,,89.9,95.7,50.8,76.22
00:40.8,,,84,95.7,50.8,76.22
00:40.9,,,80.1,95.7,50.8,74.32
00:41.0,,,74.3,93.8,48.9,76.22
00:41.1,,,72.3,93.8,50.8,76.22
00:41.2,,,72.3,91.8,50.8,78.22
00:41.3,,,78.2,93.8,48.9,76.22
00:41.4,,,80.1,93.8,48.9,76.22
00:41.5,,,82.1,93.8,52.8,76.22
00:41.6,,,87.9,93.8,50.8,76.22
00:41.7,,,93.8,95.7,50.8,76.22
00:41.8,,,95.7,91.8,50.8,78.22
00:41.9,,,97.7,89.9,52.8,76.22
00:42.0,,,97.7,89.9,50.8,76.22
00:42.1,,,97.7,91.8,52.8,78.22
00:42.2,,,97.7,93.8,50.8,78.22
00:42.3,,,91.8,95.7,50.8,76.22
00:42.4,,,95.7,95.7,50.8,78.22
00:42.5,,,95.7,93.8,52.8,76.22
00:42.6,,,95.7,91.8,52.8,76.22
00:42.7,,,97.7,91.8,52.8,72.32
00:42.8,,,97.7,93.8,52.8,72.32
00:42.9,,,97.7,93.8,52.8,74.32
00:43.0,,,99.6,91.8,54.7,74.32
00:43.1,,,99.6,89.9,52.8,76.22
00:43.2,,,97.7,87.9,52.8,76.22
00:43.3,,,95.7,86,52.8,76.22
00:43.4,,,95.7,84,52.8,76.22
00:43.5,,,97.7,76.2,54.7,76.22
00:43.6,,,97.7,74.3,54.7,72.32
00:43.7,,,97.7,76.2,52.8,68.42
00:43.8,,,97.7,78.2,52.8,64.52
00:43.9,,,95.7,82.1,50.8,60.62
00:44.0,,,95.7,82.1,50.8,62.52
00:44.1,,,95.7,80.1,50.8,70.32
00:44.2,,,95.7,84,48.9,72.32
00:44.3,,,95.7,87.9,48.9,74.32
00:44.4,,,87.9,89.9,46.9,74.32
00:44.5,,,84,89.9,45,76.22
00:44.6,,,84,93.8,46.9,78.22
00:44.7,,,82.1,95.7,48.9,78.22
00:44.8,,,80.1,93.8,46.9,78.22
00:44.9,,,78.2,95.7,46.9,80.12
00:45.0,,,78.2,95.7,45,78.22
00:45.1,,,84,95.7,45,78.22
00:45.2,,,87.9,95.7,45,80.12
00:45.3,,,93.8,95.7,46.9,76.22
00:45.4,,,93.8,95.7,45,74.32
00:45.5,,,86,97.7,45,72.32
00:45.6,,,86,95.7,43,70.32
00:45.7,,,87.9,97.7,45,68.42
00:45.8,,,91.8,97.7,46.9,72.32
00:45.9,,,91.8,97.7,46.9,74.32
00:46.0,,,93.8,95.7,46.9,76.22
00:46.1,,,93.8,97.7,50.8,78.22
00:46.2,,,95.7,95.7,52.8,76.22
00:46.3,,,97.7,95.7,52.8,78.22
00:46.4,,,95.7,95.7,52.8,78.22
00:46.5,,,97.7,93.8,50.8,76.22
00:46.6,,,95.7,89.9,52.8,78.22
00:46.7,,,97.7,84,52.8,76.22
00:46.8,,,99.6,80.1,52.8,76.22
00:46.9,,,99.6,76.2,52.8,74.32
00:47.0,,,99.6,72.3,52.8,74.32
00:47.1,,,99.6,74.3,50.8,74.32
00:47.2,,,99.6,80.1,48.9,72.32
00:47.3,,,99.6,86,48.9,70.32
00:47.4,,,97.7,86,48.9,72.32
00:47.5,,,97.7,89.9,48.9,74.32
00:47.6,,,95.7,93.8,46.9,76.22
00:47.7,,,93.8,95.7,46.9,78.22
00:47.8,,,93.8,95.7,45,78.22
00:47.9,,,89.9,97.7,45,80.12
00:48.0,,,89.9,97.7,45,78.22
00:48.1,,,86,95.7,46.9,78.22
00:48.2,,,86,91.8,46.9,76.22
00:48.3,,,89.9,93.8,46.9,76.22
00:48.4,,,93.8,93.8,43,78.22
00:48.5,,,89.9,95.7,45,76.22
00:48.6,,,84,91.8,43,74.32
00:48.7,,,76.2,91.8,45,76.22
00:48.8,,,72.3,91.8,43,74.32
00:48.9,,,72.3,93.8,41,74.32
00:49.0,,,78.2,93.8,43,76.22
00:49.1,,,76.2,93.8,43,76.22
00:49.2,,,74.3,93.8,43,76.22
00:49.3,,,72.3,93.8,45,76.22
00:49.4,,,70.3,95.7,45,78.22
00:49.5,,,70.3,95.7,45,74.32
00:49.6,,,74.3,95.7,46.9,74.32
00:49.7,,,82.1,97.7,46.9,76.22
00:49.8,,,87.9,93.8,46.9,78.22
00:49.9,,,91.8,93.8,48.9,76.22
00:50.0,,,87.9,91.8,50.8,78.22
00:50.1,,,84,91.8,50.8,78.22
00:50.2,,,82.1,91.8,50.8,78.22
00:50.3,,,80.1,91.8,50.8,80.12
00:50.4,,,80.1,89.9,52.8,80.12
00:50.5,,,82.1,82.1,50.8,78.22
00:50.6,,,84,78.2,52.8,78.22
00:50.7,,,87.9,72.3,52.8,78.22
00:50.8,,,93.8,68.4,54.7,76.22
00:50.9,,,93.8,66.4,52.8,78.22
00:51.0,,,93.8,64.5,52.8,78.22
00:51.1,,,93.8,64.5,52.8,78.22
00:51.2,,,89.9,70.3,54.7,76.22
00:51.3,,,86,76.2,52.8,76.22
00:51.4,,,82.1,82.1,52.8,72.32
00:51.5,,,76.2,82.1,54.7,70.32
00:51.6,,,70.3,86,54.7,64.52
00:51.7,,,68.4,86,54.7,62.51
00:51.8,,,72.3,89.9,52.8,56.71
00:51.9,,,72.3,93.8,54.7,54.71
00:52.0,,,74.3,95.7,52.8,56.72
00:52.1,,,78.2,93.8,52.8,62.52
00:52.2,,,80.1,95.7,52.8,66.42
00:52.3,,,80.1,97.7,54.7,70.32
00:52.4,,,78.2,97.7,50.8,76.22
00:52.5,,,74.3,95.7,50.8,76.22
00:52.6,,,70.3,95.7,50.8,78.22
00:52.7,,,66.4,93.8,50.8,78.22
00:52.8,,,64.5,93.8,52.8,80.12
00:52.9,,,68.4,93.8,52.8,82.12
00:53.0,,,72.3,91.8,50.8,78.22
00:53.1,,,76.2,93.8,50.8,80.12
00:53.2,,,86,93.8,50.8,80.12
00:53.3,,,91.8,91.8,50.8,80.12
00:53.4,,,95.7,87.9,50.8,78.22
00:53.5,,,95.7,87.9,50.8,78.22
00:53.6,,,95.7,91.8,50.8,78.22
00:53.7,,,91.8,93.8,50.8,78.22
00:53.8,,,89.9,93.8,48.9,78.22
00:53.9,,,89.9,93.8,48.9,78.22
00:54.0,,,86,93.8,48.9,78.22
00:54.1,,,86,91.8,50.8,76.22
00:54.2,,,82.1,91.8,48.9,76.22
00:54.3,,,78.2,87.9,48.9,78.22
00:54.4,,,78.2,84,48.9,78.22
00:54.5,,,76.2,86,50.8,78.22
00:54.6,,,80.1,87.9,48.9,76.22
00:54.7,,,86,87.9,50.8,78.22
00:54.8,,,93.8,91.8,50.8,76.22
00:54.9,,,95.7,91.8,54.7,76.22
00:55.0,,,93.8,87.9,52.8,76.22
00:55.1,,,95.7,89.9,52.8,76.22
00:55.2,,,95.7,91.8,50.8,78.22
00:55.3,,,93.8,93.8,54.7,78.22
00:55.4,,,91.8,89.9,52.8,80.12
00:55.5,,,91.8,89.9,50.8,80.12
00:55.6,,,95.7,91.8,52.8,78.22
00:55.7,,,95.7,91.8,52.8,80.12
00:55.8,,,95.7,95.7,52.8,80.12
00:55.9,,,95.7,95.7,52.8,80.12
00:56.0,,,97.7,97.7,52.8,78.22
00:56.1,,,97.7,97.7,54.7,78.22
00:56.2,,,97.7,97.7,52.8,78.22
00:56.3,,,93.8,97.7,52.8,78.22
00:56.4,,,87.9,97.7,50.8,78.22
00:56.5,,,87.9,95.7,52.8,78.22
00:56.6,,,89.9,95.7,50.8,76.22
00:56.7,,,89.9,95.7,50.8,78.22
00:56.8,,,87.9,95.7,48.9,78.22
00:56.9,,,84,93.8,50.8,78.22
00:57.0,,,80.1,93.8,52.8,76.22
00:57.1,,,76.2,95.7,52.8,78.22
00:57.2,,,76.2,93.8,52.8,78.22
00:57.3,,,80.1,93.8,52.8,76.22
00:57.4,,,78.2,95.7,52.8,76.22
00:57.5,,,80.1,95.7,52.8,76.22
00:57.6,,,82.1,95.7,52.8,76.22
00:57.7,,,86,95.7,54.7,76.22
00:57.8,,,91.8,95.7,54.7,76.22
00:57.9,,,95.7,93.8,50.8,78.22
00:58.0,,,95.7,91.8,50.8,76.22
00:58.1,,,93.8,89.9,52.8,74.32
00:58.2,,,93.8,86,52.8,74.32
00:58.3,,,93.8,82.1,52.8,70.32
00:58.4,,,95.7,80.1,52.8,72.32
00:58.5,,,95.7,78.2,52.8,74.32
00:58.6,,,95.7,80.1,52.8,78.22
00:58.7,,,97.7,80.1,54.7,78.22
00:58.8,,,97.7,76.2,52.8,78.22
00:58.9,,,97.7,72.3,56.7,76.22
00:59.0,,,97.7,68.4,54.7,76.22
00:59.1,,,91.8,70.3,54.7,72.32
00:59.2,,,86,76.2,56.7,72.32
00:59.3,,,78.2,76.2,54.7,72.32
00:59.4,,,74.3,82.1,52.8,72.32
00:59.5,,,70.3,89.9,52.8,74.32
00:59.6,,,72.3,93.8,52.8,76.22
00:59.7,,,82.1,95.7,52.8,76.22
00:59.8,,,84,91.8,52.8,78.22
00:59.9,,,82.1,95.7,50.8,78.22
01:00.0,,,80.1,95.7,50.8,78.22
01:00.1,,,80.1,95.7,50.8,78.22
01:00.2,,,87.9,93.8,50.8,78.22
01:00.3,,,91.8,93.8,50.8,76.22
01:00.4,,,91.8,95.7,48.9,76.22
01:00.5,,,89.9,95.7,50.8,78.22
01:00.6,,,91.8,95.7,50.8,78.22
01:00.7,,,91.8,95.7,50.8,78.22
01:00.8,,,89.9,95.7,48.9,80.12
01:00.9,,,91.8,95.7,50.8,78.22
01:01.0,,,93.8,93.8,48.9,78.22
01:01.1,,,93.8,91.8,50.8,80.12
01:01.2,,,93.8,93.8,50.8,80.12
01:01.3,,,95.7,93.8,48.9,82.12
01:01.4,,,97.7,93.8,50.8,80.12
01:01.5,,,97.7,95.7,48.9,80.12
01:01.6,,,91.8,91.8,50.8,78.22
01:01.7,,,89.9,89.9,48.9,76.22
01:01.8,,,87.9,89.9,46.9,78.22
01:01.9,,,87.9,87.9,46.9,78.22
01:02.0,,,86,86,46.9,76.22
01:02.1,,,84,82.1,46.9,78.22
01:02.2,,,80.1,76.2,45,78.22
01:02.3,,,78.2,72.3,45,78.22
01:02.4,,,78.2,64.5,45,76.22
01:02.5,,,74.3,62.5,46.9,78.22
01:02.6,,,70.3,66.4,46.9,76.22
01:02.7,,,64.5,78.2,46.9,78.22
01:02.8,,,60.6,87.9,46.9,78.22
01:02.9,,,58.6,91.8,48.9,78.22
01:03.0,,,54.7,93.8,48.9,78.22
01:03.1,,,50.8,93.8,48.9,76.22
01:03.2,,,48.9,95.7,48.9,78.22
01:03.3,,,46.9,91.8,48.9,78.22
01:03.4,,,48.9,95.7,52.8,78.22
01:03.5,,,52.8,91.8,50.8,78.22
01:03.6,,,60.6,89.9,54.7,80.12
01:03.7,,,68.4,91.8,54.7,78.22
01:03.8,,,74.3,91.8,50.8,78.22
01:03.9,,,82.1,89.9,50.8,78.22
01:04.0,,,87.9,89.9,50.8,80.12
01:04.1,,,93.8,87.9,50.8,78.22
01:04.2,,,95.7,87.9,46.9,78.22
01:04.3,,,97.7,93.8,45,78.22
01:04.4,,,97.7,93.8,46.9,76.22
01:04.5,,,97.7,95.7,48.9,78.22
01:04.6,,,97.7,95.7,48.9,78.22
01:04.7,,,97.7,91.8,50.8,78.22
01:04.8,,,97.7,87.9,50.8,76.22
01:04.9,,,99.6,84,48.9,76.22
01:05.0,,,97.7,84,48.9,76.22
01:05.1,,,97.7,82.1,48.9,76.22
01:05.2,,,97.7,82.1,48.9,74.32
01:05.3,,,97.7,86,48.9,74.32
01:05.4,,,97.7,91.8,48.9,68.42
01:05.5,,,95.7,93.8,48.9,66.42
01:05.6,,,95.7,95.7,46.9,68.42
01:05.7,,,97.7,95.7,46.9,68.42
01:05.8,,,97.7,95.7,46.9,72.32
01:05.9,,,97.7,97.7,46.9,72.32
01:06.0,,,95.7,97.7,45,72.32
01:06.1,,,95.7,95.7,46.9,76.22
01:06.2,,,93.8,95.7,45,78.22
01:06.3,,,93.8,95.7,46.9,78.22
01:06.4,,,93.8,95.7,50.8,78.22
01:06.5,,,93.8,93.8,48.9,80.12
01:06.6,,,93.8,93.8,46.9,80.12
01:06.7,,,95.7,93.8,46.9,80.12
01:06.8,,,95.7,89.9,46.9,80.12
01:06.9,,,95.7,89.9,45,78.22
01:07.0,,,95.7,89.9,45,80.12
01:07.1,,,95.7,91.8,46.9,78.22
01:07.2,,,93.8,91.8,48.9,78.22
01:07.3,,,87.9,91.8,48.9,78.22
01:07.4,,,84,89.9,48.9,78.22
01:07.5,,,84,91.8,50.8,78.22
01:07.6,,,86,93.8,48.9,78.22
01:07.7,,,89.9,95.7,48.9,78.22
01:07.8,,,89.9,93.8,46.9,80.12
01:07.9,,,84,95.7,46.9,80.12
01:08.0,,,87.9,95.7,48.9,78.22
01:08.1,,,91.8,95.7,48.9,78.22
01:08.2,,,93.8,97.7,48.9,78.22
01:08.3,,,93.8,97.7,48.9,78.22
01:08.4,,,93.8,93.8,46.9,76.22
01:08.5,,,95.7,91.8,48.9,76.22
01:08.6,,,95.7,91.8,46.9,76.22
01:08.7,,,95.7,89.9,48.9,74.32
01:08.8,,,95.7,89.9,46.9,74.32
01:08.9,,,99.6,91.8,46.9,76.22
01:09.0,,,97.7,95.7,46.9,76.22
01:09.1,,,99.6,95.7,45,78.22
01:09.2,,,99.6,95.7,45,76.22
01:09.3,,,99.6,91.8,45,76.22
01:09.4,,,99.6,87.9,46.9,76.22
01:09.5,,,99.6,84,43,78.22
01:09.6,,,99.6,80.1,45,78.22
01:09.7,,,101.6,84,45,78.22
01:09.8,,,99.6,87.9,48.9,78.22
01:09.9,,,99.6,93.8,50.8,78.22
01:10.0,,,99.6,93.8,52.8,78.22
01:10.1,,,99.6,95.7,52.8,78.22
01:10.2,,,97.7,95.7,52.8,76.22
01:10.3,,,97.7,93.8,54.7,76.22
01:10.4,,,89.9,95.7,52.8,76.22
01:10.5,,,87.9,95.7,52.8,76.22
01:10.6,,,84,95.7,52.8,76.22
01:10.7,,,82.1,95.7,54.7,78.22
01:10.8,,,80.1,93.8,54.7,78.22
01:10.9,,,78.2,95.7,52.8,78.22
01:11.0,,,76.2,95.7,52.8,76.22
01:11.1,,,78.2,95.7,52.8,78.22
01:11.2,,,82.1,95.7,52.8,76.22
01:11.3,,,84,95.7,50.8,76.22
01:11.4,,,80.1,95.7,52.8,76.22
01:11.5,,,76.2,93.8,48.9,76.22
01:11.6,,,78.2,91.8,48.9,76.22
01:11.7,,,78.2,91.8,48.9,76.22
01:11.8,,,76.2,91.8,46.9,76.22
01:11.9,,,82.1,93.8,48.9,74.32
01:12.0,,,84,95.7,48.9,74.32
01:12.1,,,91.8,97.7,48.9,76.22
01:12.2,,,93.8,95.7,48.9,78.22
01:12.3,,,95.7,97.7,45,78.22
01:12.4,,,95.7,91.8,46.9,78.22
01:12.5,,,93.8,89.9,45,78.22
01:12.6,,,97.7,89.9,46.9,78.22
01:12.7,,,99.6,91.8,46.9,78.22
01:12.8,,,99.6,95.7,48.9,78.22
01:12.9,,,99.6,95.7,48.9,80.12
01:13.0,,,97.7,95.7,48.9,78.22
01:13.1,,,93.8,93.8,48.9,80.12
01:13.2,,,91.8,95.7,50.8,78.22
01:13.3,,,89.9,93.8,48.9,78.22
01:13.4,,,86,93.8,46.9,76.22
01:13.5,,,86,93.8,50.8,74.32
01:13.6,,,87.9,93.8,50.8,74.32
01:13.7,,,87.9,91.8,50.8,74.32
01:13.8,,,89.9,89.9,50.8,74.32
01:13.9,,,87.9,91.8,52.8,78.22
01:14.0,,,87.9,93.8,48.9,78.22
01:14.1,,,93.8,93.8,50.8,78.22
01:14.2,,,95.7,93.8,48.9,76.22
01:14.3,,,97.7,93.8,50.8,76.22
01:14.4,,,97.7,91.8,48.9,78.22
01:14.5,,,97.7,93.8,50.8,78.22
01:14.6,,,97.7,93.8,50.8,78.22
01:14.7,,,97.7,95.7,50.8,78.22
01:14.8,,,99.6,93.8,50.8,78.22
01:14.9,,,99.6,93.8,52.8,78.22
01:15.0,,,97.7,93.8,52.8,78.22
01:15.1,,,95.7,93.8,50.8,80.12
01:15.2,,,91.8,93.8,52.8,78.22
01:15.3,,,86,91.8,50.8,78.22
01:15.4,,,84,89.9,50.8,78.22
01:15.5,,,84,91.8,50.8,78.22
01:15.6,,,86,93.8,48.9,78.22
01:15.7,,,84,93.8,50.8,78.22
01:15.8,,,78.2,89.9,50.8,78.22
01:15.9,,,74.3,86,48.9,76.22
01:16.0,,,72.3,84,50.8,74.32
01:16.1,,,66.4,86,50.8,70.32
01:16.2,,,62.5,95.7,50.8,68.42
01:16.3,,,58.6,95.7,48.9,70.32
01:16.4,,,62.5,95.7,50.8,72.32
01:16.5,,,72.3,97.7,48.9,74.32
01:16.6,,,78.2,97.7,50.8,76.22
01:16.7,,,87.9,95.7,48.9,78.22
01:16.8,,,93.8,93.8,50.8,76.22
01:16.9,,,97.7,95.7,50.8,76.22
01:17.0,,,99.6,95.7,48.9,76.22
01:17.1,,,97.7,95.7,46.9,76.22
01:17.2,,,97.7,95.7,48.9,78.22
01:17.3,,,97.7,93.8,48.9,78.22
01:17.4,,,97.7,89.9,50.8,78.22
01:17.5,,,97.7,89.9,48.9,78.22
01:17.6,,,99.6,87.9,46.9,78.22
01:17.7,,,99.6,91.8,46.9,78.22
01:17.8,,,99.6,89.9,46.9,78.22
01:17.9,,,97.7,84,48.9,80.12
01:18.0,,,97.7,76.2,48.9,80.12
01:18.1,,,99.6,72.3,48.9,80.12
01:18.2,,,95.7,70.3,50.8,82.12
01:18.3,,,87.9,70.3,48.9,82.12
01:18.4,,,86,68.4,48.9,80.12
01:18.5,,,87.9,66.4,46.9,78.22
01:18.6,,,89.9,72.3,48.9,78.22
01:18.7,,,89.9,84,48.9,74.32
01:18.8,,,93.8,89.9,46.9,74.32
01:18.9,,,93.8,93.8,48.9,78.22
01:19.0,,,91.8,93.8,46.9,78.22
01:19.1,,,93.8,93.8,48.9,78.22
01:19.2,,,95.7,95.7,48.9,78.22
01:19.3,,,97.7,95.7,50.8,78.22
01:19.4,,,95.7,93.8,50.8,78.22
01:19.5,,,97.7,91.8,52.8,78.22
01:19.6,,,95.7,93.8,50.8,78.22
01:19.7,,,95.7,93.8,50.8,78.22
01:19.8,,,95.7,95.7,48.9,76.22
01:19.9,,,95.7,97.7,46.9,78.22
01:20.0,,,95.7,95.7,46.9,76.22
01:20.1,,,97.7,97.7,46.9,78.22
01:20.2,,,97.7,97.7,46.9,76.22
01:20.3,,,99.6,97.7,46.9,78.22
01:20.4,,,99.6,97.7,45,76.22
01:20.5,,,97.7,99.6,45,76.22
01:20.6,,,97.7,95.7,45,76.22
01:20.7,,,93.8,97.7,46.9,78.22
01:20.8,,,93.8,91.8,46.9,78.22
01:20.9,,,95.7,87.9,46.9,80.12
01:21.0,,,97.7,91.8,48.9,80.12
01:21.1,,,95.7,91.8,50.8,80.12
01:21.2,,,95.7,93.8,50.8,78.22
01:21.3,,,91.8,93.8,50.8,78.22
01:21.4,,,91.8,93.8,48.9,76.22
01:21.5,,,91.8,95.7,48.9,76.22
01:21.6,,,89.9,95.7,46.9,74.32
01:21.7,,,87.9,95.7,46.9,76.22
01:21.8,,,82.1,89.9,46.9,76.22
01:21.9,,,76.2,86,46.9,76.22
01:22.0,,,70.3,82.1,48.9,76.22
01:22.1,,,70.3,82.1,48.9,78.22
01:22.2,,,72.3,87.9,48.9,78.22
01:22.3,,,76.2,89.9,48.9,78.22
01:22.4,,,84,91.8,50.8,76.22
01:22.5,,,87.9,91.8,52.8,80.12
01:22.6,,,86,89.9,50.8,78.22
01:22.7,,,89.9,87.9,50.8,78.22
01:22.8,,,87.9,86,50.8,78.22
01:22.9,,,87.9,86,50.8,76.22
01:23.0,,,87.9,89.9,50.8,76.22
01:23.1,,,93.8,91.8,52.8,78.22
01:23.2,,,95.7,89.9,50.8,76.22
01:23.3,,,97.7,86,52.8,76.22
01:23.4,,,97.7,86,52.8,78.22
01:23.5,,,99.6,87.9,54.7,78.22
01:23.6,,,97.7,89.9,52.8,78.22
01:23.7,,,95.7,87.9,52.8,78.22
01:23.8,,,91.8,87.9,52.8,78.22
01:23.9,,,91.8,84,52.8,78.22
01:24.0,,,93.8,80.1,52.8,80.12
01:24.1,,,95.7,74.3,50.8,78.22
01:24.2,,,93.8,76.2,50.8,78.22
01:24.3,,,93.8,80.1,50.8,78.22
01:24.4,,,89.9,82.1,48.9,76.22
01:24.5,,,84,82.1,46.9,78.22
01:24.6,,,86,89.9,46.9,76.22
01:24.7,,,87.9,91.8,45,78.22
01:24.8,,,91.8,95.7,43,78.22
01:24.9,,,93.8,97.7,43,78.22
01:25.0,,,93.8,95.7,43,78.22
01:25.1,,,87.9,97.7,45,78.22
01:25.2,,,82.1,95.7,45,80.12
01:25.3,,,74.3,97.7,45,78.22
01:25.4,,,70.3,95.7,45,78.22
01:25.5,,,70.3,91.8,45,78.22
01:25.6,,,70.3,87.9,43,76.22
01:25.7,,,66.4,87.9,43,76.22
01:25.8,,,66.4,91.8,45,76.22
01:25.9,,,68.4,91.8,43,74.32
01:26.0,,,72.3,93.8,45,74.32
01:26.1,,,76.2,93.8,45,74.32
01:26.2,,,80.1,93.8,46.9,74.32
01:26.3,,,87.9,93.8,45,76.22
01:26.4,,,93.8,93.8,45,76.22
01:26.5,,,93.8,93.8,45,76.22
01:26.6,,,91.8,95.7,45,78.22
01:26.7,,,89.9,93.8,48.9,76.22
01:26.8,,,84,95.7,48.9,80.12
01:26.9,,,89.9,95.7,52.8,78.22
01:27.0,,,87.9,93.8,54.7,78.22
01:27.1,,,89.9,93.8,52.8,78.22
01:27.2,,,87.9,93.8,54.7,78.22
01:27.3,,,87.9,93.8,56.7,78.22
01:27.4,,,84,93.8,56.7,74.32
01:27.5,,,80.1,93.8,54.7,72.32
01:27.6,,,80.1,93.8,54.7,66.42
01:27.7,,,80.1,93.8,54.7,70.32
01:27.8,,,82.1,91.8,54.7,76.22
01:27.9,,,89.9,89.9,52.8,78.22
01:28.0,,,95.7,89.9,54.7,76.22
01:28.1,,,95.7,95.7,52.8,76.22
01:28.2,,,93.8,97.7,54.7,74.32
01:28.3,,,93.8,95.7,50.8,68.42
01:28.4,,,87.9,91.8,50.8,72.32
01:28.5,,,80.1,91.8,52.8,76.22
01:28.6,,,70.3,89.9,52.8,76.22
01:28.7,,,62.5,86,52.8,76.22
01:28.8,,,56.7,86,52.8,76.22
01:28.9,,,52.8,86,48.9,78.22
01:29.0,,,52.8,91.8,50.8,76.22
01:29.1,,,58.6,89.9,50.8,78.22
01:29.2,,,62.5,86,50.8,78.22
01:29.3,,,64.5,84,50.8,78.22
01:29.4,,,66.4,76.2,50.8,76.22
01:29.5,,,70.3,74.3,48.9,76.22
01:29.6,,,72.3,70.3,46.9,74.32
01:29.7,,,80.1,76.2,48.9,74.32
01:29.8,,,87.9,84,46.9,74.32
01:29.9,,,89.9,89.9,45,74.32
01:30.0,,,91.8,91.8,48.9,74.32
01:30.1,,,91.8,95.7,48.9,76.22
01:30.2,,,89.9,95.7,48.9,76.22
01:30.3,,,86,93.8,48.9,76.22
01:30.4,,,82.1,93.8,48.9,76.22
01:30.5,,,84,93.8,50.8,78.22
01:30.6,,,80.1,89.9,50.8,78.22
01:30.7,,,78.2,91.8,50.8,78.22
01:30.8,,,78.2,91.8,50.8,76.22
01:30.9,,,84,93.8,50.8,78.22
01:31.0,,,93.8,93.8,48.9,76.22
01:31.1,,,95.7,95.7,46.9,76.22
01:31.2,,,95.7,91.8,48.9,80.12
01:31.3,,,97.7,89.9,46.9,76.22
01:31.4,,,95.7,87.9,46.9,78.22
01:31.5,,,89.9,87.9,46.9,76.22
01:31.6,,,87.9,91.8,46.9,76.22
01:31.7,,,86,89.9,48.9,78.22
01:31.8,,,87.9,87.9,48.9,80.12
01:31.9,,,87.9,87.9,48.9,78.22
01:32.0,,,86,89.9,48.9,80.12
01:32.1,,,87.9,91.8,50.8,80.12
01:32.2,,,91.8,95.7,52.8,82.12
01:32.3,,,91.8,95.7,52.8,80.12
01:32.4,,,93.8,97.7,50.8,80.12
01:32.5,,,95.7,95.7,50.8,80.12
01:32.6,,,95.7,95.7,50.8,78.22
01:32.7,,,93.8,97.7,48.9,76.22
01:32.8,,,95.7,97.7,50.8,76.22
01:32.9,,,97.7,97.7,50.8,76.22
01:33.0,,,97.7,97.7,50.8,78.22
01:33.1,,,97.7,95.7,50.8,76.22
01:33.2,,,97.7,87.9,50.8,78.22
01:33.3,,,97.7,84,50.8,78.22
01:33.4,,,97.7,82.1,48.9,76.22
01:33.5,,,99.6,87.9,48.9,76.22
01:33.6,,,99.6,91.8,50.8,76.22
01:33.7,,,99.6,93.8,48.9,76.22
01:33.8,,,97.7,93.8,50.8,76.22
01:33.9,,,95.7,93.8,50.8,76.22
01:34.0,,,91.8,93.8,50.8,78.22
01:34.1,,,89.9,93.8,52.8,76.22
01:34.2,,,87.9,95.7,50.8,78.22
01:34.3,,,82.1,95.7,50.8,78.22
01:34.4,,,78.2,97.7,50.8,76.22
01:34.5,,,78.2,93.8,50.8,78.22
01:34.6,,,82.1,87.9,48.9,78.22
01:34.7,,,84,86,46.9,78.22
01:34.8,,,89.9,84,45,80.12
01:34.9,,,91.8,86,46.9,80.12
01:35.0,,,91.8,87.9,46.9,80.12
01:35.1,,,84,91.8,45,78.22
01:35.2,,,80.1,93.8,48.9,80.12
01:35.3,,,76.2,93.8,48.9,78.22
01:35.4,,,72.3,93.8,50.8,78.22
01:35.5,,,72.3,93.8,50.8,78.22
01:35.6,,,70.3,95.7,50.8,76.22
01:35.7,,,72.3,95.7,52.8,78.22
01:35.8,,,78.2,95.7,52.8,78.22
01:35.9,,,87.9,93.8,52.8,76.22
01:36.0,,,91.8,91.8,52.8,76.22
01:36.1,,,95.7,87.9,52.8,78.22
01:36.2,,,95.7,87.9,50.8,80.12
01:36.3,,,95.7,84,50.8,78.22
01:36.4,,,95.7,82.1,48.9,78.22
01:36.5,,,93.8,80.1,52.8,78.22
01:36.6,,,91.8,78.2,50.8,76.22
01:36.7,,,91.8,78.2,50.8,76.22
01:36.8,,,89.9,84,50.8,78.22
01:36.9,,,89.9,87.9,50.8,76.22
01:37.0,,,87.9,91.8,50.8,76.22
01:37.1,,,84,93.8,52.8,76.22
01:37.2,,,87.9,93.8,50.8,76.22
01:37.3,,,89.9,87.9,50.8,78.22
01:37.4,,,91.8,86,48.9,76.22
01:37.5,,,95.7,80.1,46.9,76.22
01:37.6,,,95.7,72.3,46.9,78.22
01:37.7,,,93.8,68.4,46.9,78.22
01:37.8,,,97.7,64.5,48.9,78.22
01:37.9,,,97.7,62.5,46.9,80.12
01:38.0,,,89.9,64.5,46.9,80.12
01:38.1,,,86,70.3,46.9,80.12
01:38.2,,,80.1,76.2,48.9,80.12
01:38.3,,,72.3,80.1,46.9,80.12
01:38.4,,,64.5,84,46.9,78.22
01:38.5,,,60.6,87.9,48.9,76.22
01:38.6,,,54.7,91.8,48.9,76.22
01:38.7,,,54.7,93.8,50.8,76.22
01:38.8,,,58.6,91.8,50.8,78.22
01:38.9,,,58.6,87.9,52.8,76.22
01:39.0,,,64.5,89.9,52.8,78.22
01:39.1,,,70.3,89.9,52.8,78.22
01:39.2,,,70.3,91.8,50.8,78.22
01:39.3,,,66.4,89.9,50.8,78.22
01:39.4,,,62.5,91.8,54.7,78.22
01:39.5,,,64.5,91.8,54.7,78.22
01:39.6,,,70.3,91.8,52.8,78.22
01:39.7,,,74.3,93.8,52.8,78.22
01:39.8,,,80.1,95.7,52.8,76.22
01:39.9,,,86,93.8,52.8,76.22
01:40.0,,,91.8,95.7,50.8,76.22
01:40.1,,,93.8,95.7,50.8,78.22
01:40.2,,,95.7,97.7,50.8,80.12
01:40.3,,,97.7,97.7,50.8,78.22
01:40.4,,,97.7,95.7,48.9,80.12
01:40.5,,,95.7,97.7,50.8,82.12
01:40.6,,,97.7,97.7,48.9,80.12
01:40.7,,,99.6,95.7,48.9,80.12
01:40.8,,,97.7,95.7,48.9,76.22
01:40.9,,,99.6,95.7,50.8,72.32
01:41.0,,,97.7,91.8,50.8,72.32
01:41.1,,,93.8,93.8,48.9,74.32
01:41.2,,,89.9,93.8,50.8,76.22
01:41.3,,,87.9,93.8,50.8,78.22
01:41.4,,,84,93.8,50.8,78.22
01:41.5,,,80.1,91.8,50.8,78.22
01:41.6,,,76.2,89.9,50.8,78.22
01:41.7,,,72.3,89.9,50.8,78.22
01:41.8,,,68.4,91.8,50.8,80.12
01:41.9,,,66.4,91.8,45,78.22
01:42.0,,,72.3,91.8,46.9,78.22
01:42.1,,,70.3,89.9,45,78.22
01:42.2,,,68.4,91.8,45,78.22
01:42.3,,,68.4,93.8,43,78.22
01:42.4,,,72.3,95.7,45,76.22
01:42.5,,,70.3,93.8,45,78.22
01:42.6,,,66.4,93.8,43,78.22
01:42.7,,,60.6,95.7,45,78.22
01:42.8,,,54.7,95.7,46.9,78.22
01:42.9,,,52.8,86,48.9,80.12
01:43.0,,,56.7,80.1,48.9,80.12
01:43.1,,,64.5,74.3,50.8,78.22
01:43.2,,,72.3,72.3,52.8,80.12
01:43.3,,,74.3,78.2,50.8,80.12
01:43.4,,,76.2,84,50.8,80.12
01:43.5,,,78.2,87.9,52.8,80.12
01:43.6,,,82.1,91.8,52.8,80.12
01:43.7,,,82.1,93.8,52.8,80.12
01:43.8,,,89.9,95.7,52.8,76.22
01:43.9,,,93.8,95.7,50.8,74.32
01:44.0,,,97.7,95.7,50.8,78.22
01:44.1,,,97.7,97.7,52.8,78.22
01:44.2,,,93.8,95.7,50.8,78.22
01:44.3,,,87.9,95.7,50.8,80.12
01:44.4,,,84,93.8,48.9,78.22
01:44.5,,,84,93.8,50.8,76.22
01:44.6,,,84,91.8,48.9,78.22
01:44.7,,,84,91.8,50.8,78.22
01:44.8,,,80.1,93.8,50.8,76.22
01:44.9,,,78.2,95.7,52.8,78.22
01:45.0,,,76.2,93.8,52.8,76.22
01:45.1,,,78.2,95.7,50.8,76.22
01:45.2,,,84,93.8,50.8,76.22
01:45.3,,,86,89.9,52.8,78.22
01:45.4,,,93.8,91.8,52.8,80.12
01:45.5,,,95.7,91.8,50.8,76.22
01:45.6,,,97.7,89.9,50.8,78.22
01:45.7,,,97.7,89.9,48.9,80.12
01:45.8,,,97.7,87.9,50.8,78.22
01:45.9,,,97.7,89.9,48.9,80.12
01:46.0,,,93.8,89.9,48.9,78.22
01:46.1,,,93.8,91.8,48.9,78.22
01:46.2,,,97.7,91.8,46.9,78.22
01:46.3,,,97.7,89.9,46.9,80.12
01:46.4,,,99.6,91.8,48.9,76.22
01:46.5,,,97.7,93.8,48.9,78.22
01:46.6,,,95.7,93.8,50.8,78.22
01:46.7,,,97.7,93.8,52.8,78.22
01:46.8,,,97.7,93.8,52.8,80.12
01:46.9,,,95.7,95.7,50.8,78.22
01:47.0,,,87.9,93.8,52.8,78.22
01:47.1,,,82.1,93.8,50.8,78.22
01:47.2,,,78.2,89.9,50.8,78.22
01:47.3,,,78.2,86,50.8,78.22
01:47.4,,,76.2,82.1,52.8,78.22
01:47.5,,,72.3,78.2,52.8,76.22
01:47.6,,,70.3,72.3,52.8,76.22
01:47.7,,,70.3,68.4,52.8,78.22
01:47.8,,,70.3,66.4,52.8,76.22
01:47.9,,,72.3,58.6,52.8,76.22
01:48.0,,,74.3,56.7,52.8,74.32
01:48.1,,,78.2,60.6,52.8,74.32
01:48.2,,,86,64.5,52.8,74.32
01:48.3,,,95.7,68.4,50.8,76.22
01:48.4,,,95.7,76.2,50.8,76.22
01:48.5,,,99.6,86,52.8,80.12
01:48.6,,,99.6,89.9,52.8,78.22
01:48.7,,,95.7,93.8,50.8,78.22
01:48.8,,,95.7,89.9,50.8,80.12
01:48.9,,,95.7,87.9,50.8,78.22
01:49.0,,,91.8,91.8,52.8,78.22
01:49.1,,,93.8,95.7,52.8,78.22
01:49.2,,,95.7,97.7,52.8,80.12
01:49.3,,,93.8,95.7,50.8,78.22
01:49.4,,,91.8,97.7,50.8,78.22
01:49.5,,,95.7,95.7,50.8,78.22
01:49.6,,,97.7,97.7,50.8,78.22
01:49.7,,,97.7,97.7,50.8,78.22
01:49.8,,,97.7,95.7,50.8,78.22
01:49.9,,,97.7,93.8,48.9,78.22
01:50.0,,,99.6,93.8,45,78.22
01:50.1,,,97.7,95.7,45,78.22
01:50.2,,,95.7,95.7,43,80.12
01:50.3,,,93.8,97.7,45,78.22
01:50.4,,,95.7,97.7,45,78.22
01:50.5,,,97.7,95.7,46.9,76.22
01:50.6,,,91.8,95.7,48.9,76.22
01:50.7,,,93.8,93.8,50.8,76.22
01:50.8,,,97.7,91.8,50.8,74.32
01:50.9,,,99.6,91.8,52.8,76.22
01:51.0,,,97.7,91.8,50.8,76.22
01:51.1,,,95.7,91.8,50.8,76.22
01:51.2,,,95.7,93.8,50.8,76.22
01:51.3,,,93.8,89.9,52.8,78.22
01:51.4,,,87.9,86,50.8,78.22
01:51.5,,,86,84,50.8,76.22
01:51.6,,,86,86,52.8,76.22
01:51.7,,,80.1,89.9,52.8,78.22
01:51.8,,,74.3,87.9,52.8,78.22
01:51.9,,,70.3,84,50.8,76.22
01:52.0,,,68.4,84,50.8,78.22
01:52.1,,,64.5,86,52.8,78.22
01:52.2,,,66.4,87.9,50.8,78.22
01:52.3,,,70.3,87.9,48.9,80.12
01:52.4,,,72.3,91.8,48.9,80.12
01:52.5,,,70.3,93.8,46.9,78.22
01:52.6,,,70.3,95.7,46.9,78.22
01:52.7,,,72.3,95.7,50.8,78.22
01:52.8,,,76.2,97.7,52.8,78.22
01:52.9,,,76.2,95.7,52.8,78.22
01:53.0,,,80.1,95.7,50.8,80.12
01:53.1,,,87.9,89.9,50.8,80.12
01:53.2,,,93.8,86,50.8,78.22
01:53.3,,,93.8,87.9,50.8,76.22
01:53.4,,,97.7,91.8,50.8,74.32
01:53.5,,,99.6,93.8,50.8,70.32
01:53.6,,,97.7,93.8,48.9,68.42
01:53.7,,,97.7,95.7,48.9,70.32
01:53.8,,,93.8,95.7,50.8,74.32
01:53.9,,,89.9,95.7,48.9,72.32
01:54.0,,,91.8,93.8,50.8,74.32
01:54.1,,,91.8,91.8,50.8,78.22
01:54.2,,,89.9,91.8,50.8,76.22
01:54.3,,,87.9,87.9,50.8,80.12
01:54.4,,,84,87.9,48.9,80.12
01:54.5,,,86,89.9,48.9,80.12
01:54.6,,,89.9,89.9,48.9,80.12
01:54.7,,,93.8,89.9,48.9,80.12
01:54.8,,,95.7,89.9,52.8,80.12
01:54.9,,,97.7,93.8,50.8,80.12
01:55.0,,,97.7,93.8,54.7,78.22
01:55.1,,,97.7,93.8,54.7,78.22
01:55.2,,,97.7,93.8,52.8,78.22
01:55.3,,,93.8,93.8,52.8,78.22
01:55.4,,,93.8,93.8,52.8,78.22
01:55.5,,,93.8,93.8,52.8,80.12
01:55.6,,,95.7,95.7,54.7,80.12
01:55.7,,,93.8,95.7,52.8,76.22
01:55.8,,,89.9,95.7,52.8,80.12
01:55.9,,,87.9,97.7,52.8,78.22
01:56.0,,,91.8,97.7,52.8,78.22
01:56.1,,,95.7,95.7,52.8,78.22
01:56.2,,,95.7,97.7,52.8,78.22
01:56.3,,,95.7,97.7,50.8,78.22
01:56.4,,,95.7,95.7,52.8,76.22
01:56.5,,,89.9,95.7,50.8,78.22
01:56.6,,,84,93.8,50.8,74.32
01:56.7,,,76.2,95.7,50.8,76.22
01:56.8,,,72.3,93.8,50.8,78.22
01:56.9,,,72.3,91.8,50.8,78.22
01:57.0,,,80.1,93.8,50.8,80.12
01:57.1,,,86,93.8,48.9,78.22
01:57.2,,,93.8,93.8,50.8,80.12
01:57.3,,,93.8,93.8,50.8,78.22
01:57.4,,,95.7,89.9,50.8,80.12
01:57.5,,,97.7,86,50.8,80.12
01:57.6,,,99.6,87.9,52.8,78.22
01:57.7,,,101.6,89.9,52.8,78.22
01:57.8,,,99.6,93.8,52.8,78.22
01:57.9,,,99.6,91.8,52.8,78.22
01:58.0,,,99.6,91.8,52.8,78.22
01:58.1,,,99.6,91.8,50.8,78.22
01:58.2,,,99.6,95.7,50.8,78.22
01:58.3,,,97.7,95.7,52.8,78.22
01:58.4,,,97.7,93.8,50.8,76.22
01:58.5,,,93.8,93.8,52.8,76.22
01:58.6,,,91.8,93.8,52.8,78.22
01:58.7,,,93.8,93.8,50.8,78.22
01:58.8,,,95.7,93.8,50.8,78.22
01:58.9,,,95.7,93.8,50.8,76.22
01:59.0,,,97.7,89.9,50.8,78.22
01:59.1,,,97.7,82.1,52.8,76.22
01:59.2,,,95.7,76.2,52.8,76.22
01:59.3,,,89.9,70.3,50.8,76.22
01:59.4,,,86,66.4,50.8,76.22
01:59.5,,,80.1,68.4,50.8,76.22
01:59.6,,,76.2,72.3,54.7,76.22
01:59.7,,,74.3,80.1,52.8,78.22
01:59.8,,,74.3,84,52.8,78.22
01:59.9,,,74.3,89.9,54.7,78.22
02:00.0,,,76.2,93.8,50.8,76.22
02:00.1,,,76.2,95.7,54.7,78.22
02:00.2,,,80.1,95.7,54.7,78.22
02:00.3,,,86,95.7,54.7,78.22
02:00.4,,,91.8,95.7,52.8,80.12
02:00.5,,,95.7,91.8,52.8,80.12
02:00.6,,,97.7,91.8,52.8,78.22
02:00.7,,,97.7,93.8,54.7,80.12
02:00.8,,,95.7,93.8,54.7,78.22
02:00.9,,,95.7,95.7,52.8,78.22
02:01.0,,,97.7,95.7,50.8,78.22
02:01.1,,,93.8,95.7,50.8,76.22
02:01.2,,,97.7,95.7,52.8,76.22
02:01.3,,,97.7,95.7,50.8,78.22
02:01.4,,,97.7,95.7,48.9,78.22
02:01.5,,,93.8,95.7,46.9,78.22
02:01.6,,,89.9,95.7,46.9,78.22
02:01.7,,,89.9,97.7,45,78.22
02:01.8,,,91.8,95.7,46.9,78.22
02:01.9,,,93.8,93.8,48.9,78.22
02:02.0,,,93.8,93.8,48.9,78.22
02:02.1,,,87.9,89.9,50.8,78.22
02:02.2,,,86,86,50.8,76.22
02:02.3,,,80.1,87.9,52.8,76.22
02:02.4,,,78.2,89.9,52.8,78.22
02:02.5,,,76.2,91.8,50.8,78.22
02:02.6,,,76.2,93.8,50.8,78.22
02:02.7,,,78.2,93.8,50.8,78.22
02:02.8,,,80.1,95.7,52.8,78.22
02:02.9,,,84,95.7,52.8,78.22
02:03.0,,,84,93.8,50.8,78.22
02:03.1,,,86,93.8,50.8,80.12
02:03.2,,,91.8,89.9,50.8,80.12
02:03.3,,,97.7,86,50.8,80.12
02:03.4,,,99.6,82.1,50.8,78.22
02:03.5,,,99.6,82.1,50.8,80.12
02:03.6,,,99.6,84,50.8,80.12
02:03.7,,,97.7,86,50.8,78.22
02:03.8,,,99.6,87.9,50.8,80.12
02:03.9,,,99.6,91.8,52.8,78.22
02:04.0,,,99.6,93.8,52.8,78.22
02:04.1,,,95.7,93.8,52.8,78.22
02:04.2,,,91.8,93.8,52.8,78.22
02:04.3,,,89.9,89.9,52.8,80.12
02:04.4,,,89.9,87.9,52.8,78.22
02:04.5,,,91.8,87.9,52.8,78.22
02:04.6,,,93.8,91.8,52.8,80.12
02:04.7,,,89.9,91.8,52.8,78.22
02:04.8,,,89.9,93.8,52.8,76.22
02:04.9,,,86,93.8,52.8,76.22
02:05.0,,,80.1,91.8,50.8,76.22
02:05.1,,,78.2,93.8,50.8,78.22
02:05.2,,,80.1,95.7,50.8,78.22
02:05.3,,,87.9,93.8,50.8,78.22
02:05.4,,,87.9,95.7,52.8,76.22
02:05.5,,,84,93.8,50.8,78.22
02:05.6,,,82.1,89.9,52.8,78.22
02:05.7,,,80.1,87.9,48.9,78.22
02:05.8,,,76.2,84,46.9,78.22
02:05.9,,,80.1,82.1,45,78.22
02:06.0,,,84,84,45,80.12
02:06.1,,,91.8,86,45,82.12
02:06.2,,,89.9,89.9,45,82.12
02:06.3,,,91.8,91.8,45,82.12
02:06.4,,,91.8,93.8,46.9,80.12
02:06.5,,,93.8,93.8,45,78.22
02:06.6,,,95.7,93.8,45,78.22
02:06.7,,,95.7,93.8,46.9,78.22
02:06.8,,,97.7,93.8,48.9,78.22
02:06.9,,,97.7,93.8,50.8,78.22
02:07.0,,,97.7,95.7,50.8,78.22
02:07.1,,,99.6,95.7,48.9,78.22
02:07.2,,,95.7,97.7,48.9,80.12
02:07.3,,,97.7,95.7,50.8,80.12
02:07.4,,,93.8,97.7,50.8,78.22
02:07.5,,,91.8,99.6,50.8,78.22
02:07.6,,,89.9,97.7,52.8,80.12
02:07.7,,,89.9,97.7,50.8,80.12
02:07.8,,,89.9,99.6,52.8,76.22
02:07.9,,,91.8,97.7,52.8,76.22
02:08.0,,,91.8,97.7,52.8,76.22
02:08.1,,,93.8,95.7,52.8,74.32
02:08.2,,,95.7,89.9,50.8,76.22
02:08.3,,,95.7,89.9,52.8,78.22
02:08.4,,,95.7,91.8,52.8,78.22
02:08.5,,,95.7,91.8,-1.9,78.22
02:08.6,,,29.3,89.9,0,80.12
02:08.7,,,0,87.9,0,80.12
02:08.8,,,0,87.9,0,80.12
02:08.9,,,0,82.1,0,80.12
02:09.0,,,0,82.1,-1.9,82.12
02:09.1,,,0,80.1,-1.9,82.12
02:09.2,,,0,80.1,0,80.12
02:09.3,,,-1.9,35.2,-1.9,78.22
02:09.4,,,-1.9,-1.9,0,78.22
02:09.5,,,0,-1.9,0,78.22
02:09.6,,,0,0,0,80.12
02:09.7,,,0,-1.9,,78.22
02:09.8,,,0,-1.9,,80.12
02:09.9,,,2,0,,78.22
02:10.0,,,0,-1.9,,78.22
02:10.1,,,,0,,78.22
02:10.2,,,,0,,78.22
02:10.3,,,,0,,76.22
02:10.4,,,,0,,78.22
02:10.5,,,,-1.9,,78.22
02:10.6,,,,0,,76.22
02:10.7,,,,0,,76.22
02:10.8,,,,0,,76.22
02:10.9,,,,,,76.22
02:11.0,,,,,,76.22
02:11.1,,,,,,78.22
02:11.2,,,,,,78.22
02:11.3,,,,,,78.22
02:11.4,,,,,,80.12
02:11.5,,,,,,80.12
02:11.6,,,,,,80.12
02:11.7,,,,,,80.12
02:11.8,,,,,,80.12
02:11.9,,,,,,78.22
02:12.0,,,,,,78.22
02:12.1,,,,,,76.22
02:12.2,,,,,,74.32
02:12.3,,,,,,76.22
02:12.4,,,,,,78.22
02:12.5,,,,,,78.22
02:12.6,,,,,,78.22
02:12.7,,,,,,78.22
02:12.8,,,,,,80.12
02:12.9,,,,,,80.12
02:13.0,,,,,,78.22
02:13.1,,,,,,78.22
02:13.2,,,,,,78.22
02:13.3,,,,,,74.32
02:13.4,,,,,,74.32
02:13.5,,,,,,74.32
02:13.6,,,,,,72.32
02:13.7,,,,,,72.32
02:13.8,,,,,,74.32
02:13.9,,,,,,74.32
02:14.0,,,,,,78.22
02:14.1,,,,,,78.22
02:14.2,,,,,,78.22
02:14.3,,,,,,78.22
02:14.4,,,,,,76.22
02:14.5,,,,,,78.22
02:14.6,,,,,,78.22
02:14.7,,,,,,80.1
02:14.8,,,,,,
02:14.9,,,,,,
02:15.0,,,,,,
02:15.1,,,,,,
02:15.2,,,,,,
02:15.3,,,,,,
02:15.4,,,,,,
02:15.5,,,,,,
02:15.6,,,,,,
02:15.7,,,,,,
02:15.8,,,,,,
02:15.9,,,,,,
02:16.0,,,,,,
02:16.1,,,,,,
02:16.2,,,,,,
02:16.3,,,,,,
02:16.4,,,,,,
02:16.5,,,,,,
02:16.6,,,,,,
02:16.7,,,,,,
02:16.8,,,,,,
02:16.9,,,,,,
02:17.0,,,,,,
02:17.1,,,,,,
02:17.2,,,,,,
02:17.3,,,,,,
02:17.4,,,,,,
02:17.5,,,,,,
02:17.6,,,,,,
02:17.7,,,,,,
02:17.8,,,,,,
02:17.9,,,,,,
02:18.0,,,,,,
02:18.1,,,,,,
02:18.2,,,,,,
02:18.3,,,,,,
02:18.4,,,,,,
02:18.5,,,,,,
02:18.6,,,,,,
02:18.7,,,,,,
02:18.8,,,,,,
02:18.9,,,,,,
02:19.0,,,,,,
02:19.1,,,,,,
02:19.2,,,,,,
02:19.3,,,,,,
02:19.4,,,,,,
02:19.5,,,,,,
02:19.6,,,,,,
02:19.7,,,,,,
02:19.8,,,,,,
02:19.9,,,,,,
02:20.0,,,,,,
02:20.1,,,,,,
02:20.2,,,,,,
02:20.3,,,,,,
02:20.4,,,,,,
02:20.5,,,,,,
02:20.6,,,,,,
02:20.7,,,,,,
02:20.8,,,,,,
02:20.9,,,,,,
02:21.0,,,,,,
02:21.1,,,,,,
02:21.2,,,,,,
02:21.3,,,,,,
02:21.4,,,,,,
02:21.5,,,,,,
02:21.6,,,,,,
02:21.7,,,,,,
02:21.8,,,,,,
02:21.9,,,,,,
02:22.0,,,,,,
02:22.1,,,,,,
02:22.2,,,,,,
02:22.3,,,,,,
02:22.4,,,,,,
02:22.5,,,,,,
02:22.6,,,,,,
02:22.7,,,,,,
02:22.8,,,,,,
02:22.9,,,,,,
02:23.0,,,,,,
02:23.1,,,,,,
02:23.2,,,,,,
02:23.3,,,,,,
02:23.4,,,,,,
02:23.5,,,,,,
02:23.6,,,,,,
02:23.7,,,,,,
02:23.8,,,,,,
02:23.9,,,,,,
02:24.0,,,,,,
02:24.1,,,,,,
02:24.2,,,,,,
02:24.3,,,,,,
02:24.4,,,,,,
02:24.5,,,,,,
02:24.6,,,,,,
02:24.7,,,,,,
02:24.8,,,,,,
02:24.9,,,,,,
02:25.0,,,,,,
02:25.1,,,,,,
02:25.2,,,,,,
02:25.3,,,,,,
02:25.4,,,,,,
02:25.5,,,,,,
02:25.6,,,,,,
02:25.7,,,,,,
02:25.8,,,,,,
02:25.9,,,,,,
02:26.0,,,,,,
02:26.1,,,,,,
02:26.2,,,,,,
02:26.3,,,,,,
02:26.4,,,,,,
02:26.5,,,,,,
02:26.6,,,,,,
02:26.7,,,,,,
02:26.8,,,,,,
02:26.9,,,,,,
02:27.0,,,,,,
02:27.1,,,,,,
02:27.2,,,,,,
02:27.3,,,,,,
02:27.4,,,,,,
