TimeStamp,,,,TimeStamp,,,TimeStamp_45,Values_45
17:19:22.968 -> 0.0170.00,,,,19:23.0,->,,00:00.1,0.017
17:19:23.064 -> 0.0172.00,,,,19:23.1,->,,00:00.2,0.017
17:19:23.205 -> 3.9191.00,,,,19:23.2,->,,00:00.3,3.919
17:19:23.299 -> 41.0203.00,,,,19:23.3,->,,00:00.4,41.02
17:19:23.394 -> 64.5209.00,,,,19:23.4,->,,00:00.5,64.52
17:19:23.488 -> 76.2210.00,,,,19:23.5,->,,00:00.6,76.22
17:19:23.585 -> 78.2210.00,,,,19:23.6,->,,00:00.7,78.22
17:19:23.679 -> 78.2210.00,,,,19:23.7,->,,00:00.8,78.22
17:19:23.772 -> 78.2210.00,,,,19:23.8,->,,00:00.9,78.22
17:19:23.915 -> 78.2210.00,,,,19:23.9,->,,00:01.0,78.22
17:19:24.010 -> 78.2211.00,,,,19:24.0,->,,00:01.1,78.22
17:19:24.105 -> 80.1210.00,,,,19:24.1,->,,00:01.2,80.12
17:19:24.199 -> 78.2210.00,,,,19:24.2,->,,00:01.3,78.22
17:19:24.292 -> 78.2210.00,,,,19:24.3,->,,00:01.4,78.22
17:19:24.387 -> 78.2209.00,,,,19:24.4,->,,00:01.5,78.22
17:19:24.481 -> 76.2209.00,,,,19:24.5,->,,00:01.6,76.22
17:19:24.577 -> 76.2209.00,,,,19:24.6,->,,00:01.7,76.22
17:19:24.718 -> 76.2210.00,,,,19:24.7,->,,00:01.8,76.22
17:19:24.816 -> 78.2210.00,,,,19:24.8,->,,00:01.9,78.22
17:19:24.906 -> 78.2211.00,,,,19:24.9,->,,00:02.0,78.22
17:19:25.000 -> 80.1211.00,,,,19:25.0,->,,00:02.1,80.12
17:19:25.095 -> 80.1211.00,,,,19:25.1,->,,00:02.2,80.12
17:19:25.190 -> 80.1209.00,,,,19:25.2,->,,00:02.3,80.12
17:19:25.285 -> 76.2209.00,,,,19:25.3,->,,00:02.4,76.22
17:19:25.427 -> 76.2209.00,,,,19:25.4,->,,00:02.5,76.22
17:19:25.536 -> 76.2209.00,,,,19:25.5,->,,00:02.6,76.22
17:19:25.616 -> 76.2208.00,,,,19:25.6,->,,00:02.7,76.22
17:19:25.711 -> 74.3207.00,,,,19:25.7,->,,00:02.8,74.32
17:19:25.806 -> 72.3204.00,,,,19:25.8,->,,00:02.9,72.32
17:19:25.901 -> 66.4201.00,,,,19:25.9,->,,00:03.0,66.42
17:19:25.996 -> 60.6198.00,,,,19:26.0,->,,00:03.1,60.61
17:19:26.090 -> 54.7195.00,,,,19:26.1,->,,00:03.2,54.71
17:19:26.232 -> 48.9196.00,,,,19:26.2,->,,00:03.3,48.91
17:19:26.326 -> 50.8196.00,,,,19:26.3,->,,00:03.4,50.81
17:19:26.422 -> 50.8196.00,,,,19:26.4,->,,00:03.5,50.81
17:19:26.516 -> 50.8197.00,,,,19:26.5,->,,00:03.6,50.81
17:19:26.611 -> 52.8199.00,,,,19:26.6,->,,00:03.7,52.81
17:19:26.706 -> 56.7201.00,,,,19:26.7,->,,00:03.8,56.72
17:19:26.802 -> 60.6202.00,,,,19:26.8,->,,00:03.9,60.62
17:19:26.895 -> 62.5204.00,,,,19:26.9,->,,00:04.0,62.52
17:19:27.037 -> 66.4205.00,,,,19:27.0,->,,00:04.1,66.42
17:19:27.132 -> 68.4204.00,,,,19:27.1,->,,00:04.2,68.42
17:19:27.227 -> 66.4205.00,,,,19:27.2,->,,00:04.3,66.42
17:19:27.324 -> 68.4205.00,,,,19:27.3,->,,00:04.4,68.42
17:19:27.418 -> 68.4205.00,,,,19:27.4,->,,00:04.5,68.42
17:19:27.513 -> 68.4205.00,,,,19:27.5,->,,00:04.6,68.42
17:19:27.608 -> 68.4205.00,,,,19:27.6,->,,00:04.7,68.42
17:19:27.751 -> 68.4207.00,,,,19:27.8,->,,00:04.8,68.42
17:19:27.844 -> 72.3208.00,,,,19:27.8,->,,00:04.9,72.32
17:19:27.939 -> 74.3209.00,,,,19:27.9,->,,00:05.0,74.32
17:19:28.034 -> 76.2209.00,,,,19:28.0,->,,00:05.1,76.22
17:19:28.128 -> 76.2209.00,,,,19:28.1,->,,00:05.2,76.22
17:19:28.222 -> 76.2209.00,,,,19:28.2,->,,00:05.3,76.22
17:19:28.315 -> 76.2209.00,,,,19:28.3,->,,00:05.4,76.22
17:19:28.457 -> 76.2210.00,,,,19:28.5,->,,00:05.5,76.22
17:19:28.551 -> 78.2210.00,,,,19:28.6,->,,00:05.6,78.22
17:19:28.646 -> 78.2210.00,,,,19:28.6,->,,00:05.7,78.22
17:19:28.740 -> 78.2209.00,,,,19:28.7,->,,00:05.8,78.22
17:19:28.834 -> 76.2210.00,,,,19:28.8,->,,00:05.9,76.22
17:19:28.928 -> 78.2211.00,,,,19:28.9,->,,00:06.0,78.22
17:19:29.021 -> 80.1210.00,,,,19:29.0,->,,00:06.1,80.12
17:19:29.162 -> 78.2211.00,,,,19:29.2,->,,00:06.2,78.22
17:19:29.256 -> 80.1211.00,,,,19:29.3,->,,00:06.3,80.12
17:19:29.351 -> 80.1210.00,,,,19:29.4,->,,00:06.4,80.12
17:19:29.446 -> 78.2210.00,,,,19:29.4,->,,00:06.5,78.22
17:19:29.539 -> 78.2210.00,,,,19:29.5,->,,00:06.6,78.22
17:19:29.633 -> 78.2209.00,,,,19:29.6,->,,00:06.7,78.22
17:19:29.727 -> 76.2207.00,,,,19:29.7,->,,00:06.8,76.22
17:19:29.869 -> 72.3207.00,,,,19:29.9,->,,00:06.9,72.32
17:19:29.963 -> 72.3208.00,,,,19:30.0,->,,00:07.0,72.32
17:19:30.056 -> 74.3208.00,,,,19:30.1,->,,00:07.1,74.32
17:19:30.150 -> 74.3208.00,,,,19:30.2,->,,00:07.2,74.32
17:19:30.239 -> 74.3206.00,,,,19:30.2,->,,00:07.3,74.32
17:19:30.372 -> 70.3205.00,,,,19:30.4,->,,00:07.4,70.32
17:19:30.467 -> 68.4205.00,,,,19:30.5,->,,00:07.5,68.42
17:19:30.561 -> 68.4205.00,,,,19:30.6,->,,00:07.6,68.42
17:19:30.656 -> 68.4205.00,,,,19:30.7,->,,00:07.7,68.42
17:19:30.752 -> 68.4205.00,,,,19:30.8,->,,00:07.8,68.42
17:19:30.846 -> 68.4204.00,,,,19:30.8,->,,00:07.9,68.42
17:19:30.942 -> 66.4205.00,,,,19:30.9,->,,00:08.0,66.42
17:19:31.084 -> 68.4207.00,,,,19:31.1,->,,00:08.1,68.42
17:19:31.178 -> 72.3208.00,,,,19:31.2,->,,00:08.2,72.32
17:19:31.258 -> 74.3208.00,,,,19:31.3,->,,00:08.3,74.32
17:19:31.354 -> 74.3208.00,,,,19:31.4,->,,00:08.4,74.32
17:19:31.448 -> 74.3209.00,,,,19:31.4,->,,00:08.5,74.32
17:19:31.591 -> 76.2209.00,,,,19:31.6,->,,00:08.6,76.22
17:19:31.685 -> 76.2209.00,,,,19:31.7,->,,00:08.7,76.22
17:19:31.780 -> 76.2209.00,,,,19:31.8,->,,00:08.8,76.22
17:19:31.875 -> 76.2209.00,,,,19:31.9,->,,00:08.9,76.22
17:19:31.970 -> 76.2209.00,,,,19:32.0,->,,00:09.0,76.22
17:19:32.066 -> 76.2208.00,,,,19:32.1,->,,00:09.1,76.22
17:19:32.162 -> 74.3208.00,,,,19:32.2,->,,00:09.2,74.32
17:19:32.257 -> 74.3209.00,,,,19:32.3,->,,00:09.3,74.32
17:19:32.400 -> 76.2209.00,,,,19:32.4,->,,00:09.4,76.22
17:19:32.494 -> 76.2208.00,,,,19:32.5,->,,00:09.5,76.22
17:19:32.589 -> 74.3207.00,,,,19:32.6,->,,00:09.6,74.32
17:19:32.683 -> 72.3207.00,,,,19:32.7,->,,00:09.7,72.32
17:19:32.777 -> 72.3206.00,,,,19:32.8,->,,00:09.8,72.32
17:19:32.871 -> 70.3204.00,,,,19:32.9,->,,00:09.9,70.32
17:19:32.966 -> 66.4204.00,,,,19:33.0,->,,00:10.0,66.42
17:19:33.059 -> 66.4205.00,,,,19:33.1,->,,00:10.1,66.42
17:19:33.199 -> 68.4205.00,,,,19:33.2,->,,00:10.2,68.42
17:19:33.293 -> 68.4205.00,,,,19:33.3,->,,00:10.3,68.42
17:19:33.387 -> 68.4207.00,,,,19:33.4,->,,00:10.4,68.42
17:19:33.481 -> 72.3206.00,,,,19:33.5,->,,00:10.5,72.32
17:19:33.576 -> 70.3205.00,,,,19:33.6,->,,00:10.6,70.32
17:19:33.669 -> 68.4205.00,,,,19:33.7,->,,00:10.7,68.42
17:19:33.765 -> 68.4205.00,,,,19:33.8,->,,00:10.8,68.42
17:19:33.907 -> 68.4205.00,,,,19:33.9,->,,00:10.9,68.42
17:19:34.001 -> 68.4204.00,,,,19:34.0,->,,00:11.0,68.42
17:19:34.096 -> 66.4206.00,,,,19:34.1,->,,00:11.1,66.42
17:19:34.191 -> 70.3207.00,,,,19:34.2,->,,00:11.2,70.32
17:19:34.286 -> 72.3207.00,,,,19:34.3,->,,00:11.3,72.32
17:19:34.383 -> 72.3206.00,,,,19:34.4,->,,00:11.4,72.32
17:19:34.477 -> 70.3208.00,,,,19:34.5,->,,00:11.5,70.32
17:19:34.605 -> 74.3208.00,,,,19:34.6,->,,00:11.6,74.32
17:19:34.700 -> 74.3207.00,,,,19:34.7,->,,00:11.7,74.32
17:19:34.795 -> 72.3206.00,,,,19:34.8,->,,00:11.8,72.32
17:19:34.890 -> 70.3205.00,,,,19:34.9,->,,00:11.9,70.32
17:19:34.985 -> 68.4203.00,,,,19:35.0,->,,00:12.0,68.42
17:19:35.080 -> 64.5201.00,,,,19:35.1,->,,00:12.1,64.52
17:19:35.222 -> 60.6201.00,,,,19:35.2,->,,00:12.2,60.62
17:19:35.317 -> 60.6200.00,,,,19:35.3,->,,00:12.3,60.62
17:19:35.413 -> 58.6199.00,,,,19:35.4,->,,00:12.4,58.61
17:19:35.508 -> 56.7200.00,,,,19:35.5,->,,00:12.5,56.72
17:19:35.603 -> 58.6203.00,,,,19:35.6,->,,00:12.6,58.62
17:19:35.698 -> 64.5207.00,,,,19:35.7,->,,00:12.7,64.52
17:19:35.793 -> 72.3208.00,,,,19:35.8,->,,00:12.8,72.32
17:19:35.889 -> 74.3209.00,,,,19:35.9,->,,00:12.9,74.32
17:19:36.031 -> 76.2208.00,,,,19:36.0,->,,00:13.0,76.22
17:19:36.125 -> 74.3209.00,,,,19:36.1,->,,00:13.1,74.32
17:19:36.220 -> 76.2210.00,,,,19:36.2,->,,00:13.2,76.22
17:19:36.315 -> 78.2210.00,,,,19:36.3,->,,00:13.3,78.22
17:19:36.412 -> 78.2210.00,,,,19:36.4,->,,00:13.4,78.22
17:19:36.538 -> 78.2209.00,,,,19:36.5,->,,00:13.5,78.22
17:19:36.633 -> 76.2209.00,,,,19:36.6,->,,00:13.6,76.22
17:19:36.728 -> 76.2209.00,,,,19:36.7,->,,00:13.7,76.22
17:19:36.823 -> 76.2209.00,,,,19:36.8,->,,00:13.8,76.22
17:19:36.918 -> 76.2210.00,,,,19:36.9,->,,00:13.9,76.22
17:19:37.012 -> 78.2210.00,,,,19:37.0,->,,00:14.0,78.22
17:19:37.107 -> 78.2210.00,,,,19:37.1,->,,00:14.1,78.22
17:19:37.202 -> 78.2210.00,,,,19:37.2,->,,00:14.2,78.22
17:19:37.344 -> 78.2210.00,,,,19:37.3,->,,00:14.3,78.22
17:19:37.439 -> 78.2209.00,,,,19:37.4,->,,00:14.4,78.22
17:19:37.533 -> 76.2209.00,,,,19:37.5,->,,00:14.5,76.22
17:19:37.627 -> 76.2209.00,,,,19:37.6,->,,00:14.6,76.22
17:19:37.721 -> 76.2210.00,,,,19:37.7,->,,00:14.7,76.22
17:19:37.815 -> 78.2209.00,,,,19:37.8,->,,00:14.8,78.22
17:19:37.908 -> 76.2209.00,,,,19:37.9,->,,00:14.9,76.22
17:19:38.049 -> 76.2210.00,,,,19:38.0,->,,00:15.0,76.22
17:19:38.143 -> 78.2209.00,,,,19:38.1,->,,00:15.1,78.22
17:19:38.237 -> 76.2208.00,,,,19:38.2,->,,00:15.2,76.22
17:19:38.330 -> 74.3206.00,,,,19:38.3,->,,00:15.3,74.32
17:19:38.426 -> 70.3204.00,,,,19:38.4,->,,00:15.4,70.32
17:19:38.554 -> 66.4202.00,,,,19:38.6,->,,00:15.5,66.42
17:19:38.648 -> 62.5202.00,,,,19:38.6,->,,00:15.6,62.52
17:19:38.742 -> 62.5203.00,,,,19:38.7,->,,00:15.7,62.52
17:19:38.835 -> 64.5202.00,,,,19:38.8,->,,00:15.8,64.52
17:19:38.929 -> 62.5201.00,,,,19:38.9,->,,00:15.9,62.52
17:19:39.023 -> 60.6198.00,,,,19:39.0,->,,00:16.0,60.61
17:19:39.117 -> 54.7198.00,,,,19:39.1,->,,00:16.1,54.71
17:19:39.264 -> 54.7201.00,,,,19:39.3,->,,00:16.2,54.72
17:19:39.354 -> 60.6204.00,,,,19:39.4,->,,00:16.3,60.62
17:19:39.450 -> 66.4207.00,,,,19:39.5,->,,00:16.4,66.42
17:19:39.545 -> 72.3208.00,,,,19:39.5,->,,00:16.5,72.32
17:19:39.641 -> 74.3209.00,,,,19:39.6,->,,00:16.6,74.32
17:19:39.735 -> 76.2209.00,,,,19:39.7,->,,00:16.7,76.22
17:19:39.829 -> 76.2207.00,,,,19:39.8,->,,00:16.8,76.22
17:19:39.970 -> 72.3209.00,,,,19:40.0,->,,00:16.9,72.32
17:19:40.064 -> 76.2209.00,,,,19:40.1,->,,00:17.0,76.22
17:19:40.157 -> 76.2209.00,,,,19:40.2,->,,00:17.1,76.22
17:19:40.251 -> 76.2210.00,,,,19:40.3,->,,00:17.2,76.22
17:19:40.345 -> 78.2210.00,,,,19:40.3,->,,00:17.3,78.22
17:19:40.441 -> 78.2209.00,,,,19:40.4,->,,00:17.4,78.22
17:19:40.536 -> 76.2210.00,,,,19:40.5,->,,00:17.5,76.22
17:19:40.632 -> 78.2209.00,,,,19:40.6,->,,00:17.6,78.22
17:19:40.772 -> 76.2210.00,,,,19:40.8,->,,00:17.7,76.22
17:19:40.867 -> 78.2209.00,,,,19:40.9,->,,00:17.8,78.22
17:19:40.962 -> 76.2208.00,,,,19:41.0,->,,00:17.9,76.22
17:19:41.056 -> 74.3208.00,,,,19:41.1,->,,00:18.0,74.32
17:19:41.151 -> 74.3207.00,,,,19:41.2,->,,00:18.1,74.32
17:19:41.246 -> 72.3206.00,,,,19:41.2,->,,00:18.2,72.32
17:19:41.340 -> 70.3206.00,,,,19:41.3,->,,00:18.3,70.32
17:19:41.482 -> 70.3206.00,,,,19:41.5,->,,00:18.4,70.32
17:19:41.578 -> 70.3206.00,,,,19:41.6,->,,00:18.5,70.32
17:19:41.674 -> 70.3206.00,,,,19:41.7,->,,00:18.6,70.32
17:19:41.767 -> 70.3207.00,,,,19:41.8,->,,00:18.7,70.32
17:19:41.861 -> 72.3207.00,,,,19:41.9,->,,00:18.8,72.32
17:19:41.955 -> 72.3206.00,,,,19:42.0,->,,00:18.9,72.32
17:19:42.049 -> 70.3206.00,,,,19:42.0,->,,00:19.0,70.32
17:19:42.189 -> 70.3204.00,,,,19:42.2,->,,00:19.1,70.32
17:19:42.284 -> 66.4202.00,,,,19:42.3,->,,00:19.2,66.42
17:19:42.379 -> 62.5199.00,,,,19:42.4,->,,00:19.3,62.51
17:19:42.474 -> 56.7197.00,,,,19:42.5,->,,00:19.4,56.71
17:19:42.568 -> 52.8195.00,,,,19:42.6,->,,00:19.5,52.81
17:19:42.662 -> 48.9194.00,,,,19:42.7,->,,00:19.6,48.91
17:19:42.756 -> 46.9195.00,,,,19:42.8,->,,00:19.7,46.91
17:19:42.898 -> 48.9199.00,,,,19:42.9,->,,00:19.8,48.91
17:19:42.991 -> 56.7201.00,,,,19:43.0,->,,00:19.9,56.72
17:19:43.085 -> 60.6202.00,,,,19:43.1,->,,00:20.0,60.62
17:19:43.179 -> 62.5203.00,,,,19:43.2,->,,00:20.1,62.52
17:19:43.273 -> 64.5203.00,,,,19:43.3,->,,00:20.2,64.52
17:19:43.366 -> 64.5202.00,,,,19:43.4,->,,00:20.3,64.52
17:19:43.461 -> 62.5201.00,,,,19:43.5,->,,00:20.4,62.52
17:19:43.604 -> 60.6200.00,,,,19:43.6,->,,00:20.5,60.62
17:19:43.701 -> 58.6200.00,,,,19:43.7,->,,00:20.6,58.62
17:19:43.796 -> 58.6202.00,,,,19:43.8,->,,00:20.7,58.62
17:19:43.890 -> 62.5204.00,,,,19:43.9,->,,00:20.8,62.52
17:19:43.985 -> 66.4204.00,,,,19:44.0,->,,00:20.9,66.42
17:19:44.081 -> 66.4204.00,,,,19:44.1,->,,00:21.0,66.42
17:19:44.207 -> 66.4206.00,,,,19:44.2,->,,00:21.1,66.42
17:19:44.302 -> 70.3207.00,,,,19:44.3,->,,00:21.2,70.32
17:19:44.383 -> 72.3209.00,,,,19:44.4,->,,00:21.3,72.32
17:19:44.510 -> 76.2208.00,,,,19:44.5,->,,00:21.4,76.22
17:19:44.605 -> 74.3209.00,,,,19:44.6,->,,00:21.5,74.32
17:19:44.700 -> 76.2209.00,,,,19:44.7,->,,00:21.6,76.22
17:19:44.795 -> 76.2208.00,,,,19:44.8,->,,00:21.7,76.22
17:19:44.890 -> 74.3209.00,,,,19:44.9,->,,00:21.8,74.32
17:19:44.985 -> 76.2209.00,,,,19:45.0,->,,00:21.9,76.22
17:19:45.080 -> 76.2210.00,,,,19:45.1,->,,00:22.0,76.22
17:19:45.226 -> 78.2209.00,,,,19:45.2,->,,00:22.1,78.22
17:19:45.317 -> 76.2209.00,,,,19:45.3,->,,00:22.2,76.22
17:19:45.411 -> 76.2209.00,,,,19:45.4,->,,00:22.3,76.22
17:19:45.491 -> 76.2210.00,,,,19:45.5,->,,00:22.4,76.22
17:19:45.618 -> 78.2208.00,,,,19:45.6,->,,00:22.5,78.22
17:19:45.712 -> 74.3208.00,,,,19:45.7,->,,00:22.6,74.32
17:19:45.807 -> 74.3208.00,,,,19:45.8,->,,00:22.7,74.32
17:19:45.903 -> 74.3209.00,,,,19:45.9,->,,00:22.8,74.32
17:19:46.014 -> 76.2208.00,,,,19:46.0,->,,00:22.9,76.22
17:19:46.109 -> 74.3210.00,,,,19:46.1,->,,00:23.0,74.32
17:19:46.204 -> 78.2209.00,,,,19:46.2,->,,00:23.1,78.22
17:19:46.299 -> 76.2209.00,,,,19:46.3,->,,00:23.2,76.22
17:19:46.395 -> 76.2208.00,,,,19:46.4,->,,00:23.3,76.22
17:19:46.490 -> 74.3208.00,,,,19:46.5,->,,00:23.4,74.32
17:19:46.633 -> 74.3208.00,,,,19:46.6,->,,00:23.5,74.32
17:19:46.727 -> 74.3208.00,,,,19:46.7,->,,00:23.6,74.32
17:19:46.807 -> 74.3209.00,,,,19:46.8,->,,00:23.7,74.32
17:19:46.902 -> 76.2208.00,,,,19:46.9,->,,00:23.8,76.22
17:19:46.997 -> 74.3209.00,,,,19:47.0,->,,00:23.9,74.32
17:19:47.140 -> 76.2209.00,,,,19:47.1,->,,00:24.0,76.22
17:19:47.234 -> 76.2210.00,,,,19:47.2,->,,00:24.1,76.22
17:19:47.333 -> 78.2209.00,,,,19:47.3,->,,00:24.2,78.22
17:19:47.424 -> 76.2209.00,,,,19:47.4,->,,00:24.3,76.22
17:19:47.520 -> 76.2210.00,,,,19:47.5,->,,00:24.4,76.22
17:19:47.615 -> 78.2210.00,,,,19:47.6,->,,00:24.5,78.22
17:19:47.709 -> 78.2210.00,,,,19:47.7,->,,00:24.6,78.22
17:19:47.805 -> 78.2209.00,,,,19:47.8,->,,00:24.7,78.22
17:19:47.948 -> 76.2208.00,,,,19:47.9,->,,00:24.8,76.22
17:19:48.043 -> 74.3208.00,,,,19:48.0,->,,00:24.9,74.32
17:19:48.137 -> 74.3209.00,,,,19:48.1,->,,00:25.0,74.32
17:19:48.230 -> 76.2208.00,,,,19:48.2,->,,00:25.1,76.22
17:19:48.324 -> 74.3209.00,,,,19:48.3,->,,00:25.2,74.32
17:19:48.418 -> 76.2208.00,,,,19:48.4,->,,00:25.3,76.22
17:19:48.513 -> 74.3208.00,,,,19:48.5,->,,00:25.4,74.32
17:19:48.656 -> 74.3209.00,,,,19:48.7,->,,00:25.5,74.32
17:19:48.752 -> 76.2208.00,,,,19:48.8,->,,00:25.6,76.22
17:19:48.845 -> 74.3209.00,,,,19:48.8,->,,00:25.7,74.32
17:19:48.939 -> 76.2209.00,,,,19:48.9,->,,00:25.8,76.22
17:19:49.033 -> 76.2209.00,,,,19:49.0,->,,00:25.9,76.22
17:19:49.127 -> 76.2208.00,,,,19:49.1,->,,00:26.0,76.22
17:19:49.220 -> 74.3209.00,,,,19:49.2,->,,00:26.1,74.32
17:19:49.314 -> 76.2210.00,,,,19:49.3,->,,00:26.2,76.22
17:19:49.456 -> 78.2210.00,,,,19:49.5,->,,00:26.3,78.22
17:19:49.551 -> 78.2208.00,,,,19:49.6,->,,00:26.4,78.22
17:19:49.644 -> 74.3207.00,,,,19:49.6,->,,00:26.5,74.32
17:19:49.723 -> 72.3206.00,,,,19:49.7,->,,00:26.6,72.32
17:19:49.863 -> 70.3206.00,,,,19:49.9,->,,00:26.7,70.32
17:19:49.957 -> 70.3207.00,,,,19:50.0,->,,00:26.8,70.32
17:19:50.051 -> 72.3208.00,,,,19:50.1,->,,00:26.9,72.32
17:19:50.146 -> 74.3208.00,,,,19:50.1,->,,00:27.0,74.32
17:19:50.241 -> 74.3209.00,,,,19:50.2,->,,00:27.1,74.32
17:19:50.335 -> 76.2208.00,,,,19:50.3,->,,00:27.2,76.22
17:19:50.429 -> 74.3209.00,,,,19:50.4,->,,00:27.3,74.32
17:19:50.571 -> 76.2208.00,,,,19:50.6,->,,00:27.4,76.22
17:19:50.667 -> 74.3208.00,,,,19:50.7,->,,00:27.5,74.32
17:19:50.761 -> 74.3207.00,,,,19:50.8,->,,00:27.6,74.32
17:19:50.855 -> 72.3206.00,,,,19:50.9,->,,00:27.7,72.32
17:19:50.948 -> 70.3204.00,,,,19:50.9,->,,00:27.8,70.32
17:19:51.043 -> 66.4203.00,,,,19:51.0,->,,00:27.9,66.42
17:19:51.137 -> 64.5203.00,,,,19:51.1,->,,00:28.0,64.52
17:19:51.231 -> 64.5202.00,,,,19:51.2,->,,00:28.1,64.52
17:19:51.371 -> 62.5201.00,,,,19:51.4,->,,00:28.2,62.52
17:19:51.465 -> 60.6200.00,,,,19:51.5,->,,00:28.3,60.62
17:19:51.561 -> 58.6199.00,,,,19:51.6,->,,00:28.4,58.61
17:19:51.655 -> 56.7200.00,,,,19:51.7,->,,00:28.5,56.72
17:19:51.749 -> 58.6205.00,,,,19:51.7,->,,00:28.6,58.62
17:19:51.890 -> 68.4206.00,,,,19:51.9,->,,00:28.7,68.42
17:19:51.937 -> 70.3208.00,,,,19:51.9,->,,00:28.8,70.32
17:19:52.078 -> 74.3209.00,,,,19:52.1,->,,00:28.9,74.32
17:19:52.172 -> 76.2209.00,,,,19:52.2,->,,00:29.0,76.22
17:19:52.266 -> 76.2210.00,,,,19:52.3,->,,00:29.1,76.22
17:19:52.360 -> 78.2210.00,,,,19:52.4,->,,00:29.2,78.22
17:19:52.453 -> 78.2210.00,,,,19:52.5,->,,00:29.3,78.22
17:19:52.594 -> 78.2211.00,,,,19:52.6,->,,00:29.4,78.22
17:19:52.688 -> 80.1209.00,,,,19:52.7,->,,00:29.5,80.12
17:19:52.783 -> 76.2209.00,,,,19:52.8,->,,00:29.6,76.22
17:19:52.876 -> 76.2209.00,,,,19:52.9,->,,00:29.7,76.22
17:19:52.970 -> 76.2210.00,,,,19:53.0,->,,00:29.8,76.22
17:19:53.064 -> 78.2209.00,,,,19:53.1,->,,00:29.9,78.22
17:19:53.157 -> 76.2207.00,,,,19:53.2,->,,00:30.0,76.22
17:19:53.298 -> 72.3204.00,,,,19:53.3,->,,00:30.1,72.32
17:19:53.392 -> 66.4204.00,,,,19:53.4,->,,00:30.2,66.42
17:19:53.486 -> 66.4203.00,,,,19:53.5,->,,00:30.3,66.42
17:19:53.583 -> 64.5204.00,,,,19:53.6,->,,00:30.4,64.52
17:19:53.675 -> 66.4204.00,,,,19:53.7,->,,00:30.5,66.42
17:19:53.770 -> 66.4206.00,,,,19:53.8,->,,00:30.6,66.42
17:19:53.865 -> 70.3206.00,,,,19:53.9,->,,00:30.7,70.32
17:19:54.008 -> 70.3207.00,,,,19:54.0,->,,00:30.8,70.32
17:19:54.104 -> 72.3208.00,,,,19:54.1,->,,00:30.9,72.32
17:19:54.200 -> 74.3208.00,,,,19:54.2,->,,00:31.0,74.32
17:19:54.293 -> 74.3209.00,,,,19:54.3,->,,00:31.1,74.32
17:19:54.387 -> 76.2209.00,,,,19:54.4,->,,00:31.2,76.22
17:19:54.482 -> 76.2209.00,,,,19:54.5,->,,00:31.3,76.22
17:19:54.577 -> 76.2209.00,,,,19:54.6,->,,00:31.4,76.22
17:19:54.671 -> 76.2206.00,,,,19:54.7,->,,00:31.5,76.22
17:19:54.812 -> 70.3206.00,,,,19:54.8,->,,00:31.6,70.32
17:19:54.906 -> 70.3207.00,,,,19:54.9,->,,00:31.7,70.32
17:19:55.000 -> 72.3206.00,,,,19:55.0,->,,00:31.8,72.32
17:19:55.093 -> 70.3207.00,,,,19:55.1,->,,00:31.9,70.32
17:19:55.191 -> 72.3208.00,,,,19:55.2,->,,00:32.0,72.32
17:19:55.289 -> 74.3209.00,,,,19:55.3,->,,00:32.1,74.32
17:19:55.381 -> 76.2210.00,,,,19:55.4,->,,00:32.2,76.22
17:19:55.522 -> 78.2208.00,,,,19:55.5,->,,00:32.3,78.22
17:19:55.617 -> 74.3207.00,,,,19:55.6,->,,00:32.4,74.32
17:19:55.711 -> 72.3206.00,,,,19:55.7,->,,00:32.5,72.32
17:19:55.807 -> 70.3204.00,,,,19:55.8,->,,00:32.6,70.32
17:19:55.901 -> 66.4203.00,,,,19:55.9,->,,00:32.7,66.42
17:19:55.995 -> 64.5202.00,,,,19:56.0,->,,00:32.8,64.52
17:19:56.089 -> 62.5201.00,,,,19:56.1,->,,00:32.9,62.52
17:19:56.230 -> 60.6202.00,,,,19:56.2,->,,00:33.0,60.62
17:19:56.324 -> 62.5202.00,,,,19:56.3,->,,00:33.1,62.52
17:19:56.419 -> 62.5201.00,,,,19:56.4,->,,00:33.2,62.52
17:19:56.514 -> 60.6202.00,,,,19:56.5,->,,00:33.3,60.62
17:19:56.609 -> 62.5201.00,,,,19:56.6,->,,00:33.4,62.52
17:19:56.704 -> 60.6200.00,,,,19:56.7,->,,00:33.5,60.62
17:19:56.799 -> 58.6199.00,,,,19:56.8,->,,00:33.6,58.61
17:19:56.893 -> 56.7199.00,,,,19:56.9,->,,00:33.7,56.71
17:19:57.034 -> 56.7201.00,,,,19:57.0,->,,00:33.8,56.72
17:19:57.129 -> 60.6201.00,,,,19:57.1,->,,00:33.9,60.62
17:19:57.224 -> 60.6201.00,,,,19:57.2,->,,00:34.0,60.62
17:19:57.318 -> 60.6202.00,,,,19:57.3,->,,00:34.1,60.62
17:19:57.413 -> 62.5203.00,,,,19:57.4,->,,00:34.2,62.52
17:19:57.510 -> 64.5204.00,,,,19:57.5,->,,00:34.3,64.52
17:19:57.604 -> 66.4206.00,,,,19:57.6,->,,00:34.4,66.42
17:19:57.703 -> 70.3205.00,,,,19:57.7,->,,00:34.5,70.32
17:19:57.843 -> 68.4203.00,,,,19:57.8,->,,00:34.6,68.42
17:19:57.939 -> 64.5202.00,,,,19:57.9,->,,00:34.7,64.52
17:19:58.033 -> 62.5201.00,,,,19:58.0,->,,00:34.8,62.52
17:19:58.127 -> 60.6200.00,,,,19:58.1,->,,00:34.9,60.62
17:19:58.206 -> 58.6202.00,,,,19:58.2,->,,00:35.0,58.62
17:19:58.346 -> 62.5202.00,,,,19:58.3,->,,00:35.1,62.52
17:19:58.440 -> 62.5203.00,,,,19:58.4,->,,00:35.2,62.52
17:19:58.538 -> 64.5203.00,,,,19:58.5,->,,00:35.3,64.52
17:19:58.630 -> 64.5204.00,,,,19:58.6,->,,00:35.4,64.52
17:19:58.725 -> 66.4205.00,,,,19:58.7,->,,00:35.5,66.42
17:19:58.819 -> 68.4205.00,,,,19:58.8,->,,00:35.6,68.42
17:19:58.913 -> 68.4207.00,,,,19:58.9,->,,00:35.7,68.42
17:19:59.007 -> 72.3208.00,,,,19:59.0,->,,00:35.8,72.32
17:19:59.147 -> 74.3209.00,,,,19:59.1,->,,00:35.9,74.32
17:19:59.241 -> 76.2210.00,,,,19:59.2,->,,00:36.0,76.22
17:19:59.335 -> 78.2210.00,,,,19:59.3,->,,00:36.1,78.22
17:19:59.430 -> 78.2209.00,,,,19:59.4,->,,00:36.2,78.22
17:19:59.525 -> 76.2210.00,,,,19:59.5,->,,00:36.3,76.22
17:19:59.622 -> 78.2210.00,,,,19:59.6,->,,00:36.4,78.22
17:19:59.764 -> 78.2210.00,,,,19:59.8,->,,00:36.5,78.22
17:19:59.859 -> 78.2211.00,,,,19:59.9,->,,00:36.6,78.22
17:19:59.953 -> 80.1210.00,,,,20:00.0,->,,00:36.7,80.12
17:20:00.048 -> 78.2210.00,,,,20:00.0,->,,00:36.8,78.22
17:20:00.143 -> 78.2210.00,,,,20:00.1,->,,00:36.9,78.22
17:20:00.237 -> 78.2210.00,,,,20:00.2,->,,00:37.0,78.22
17:20:00.331 -> 78.2210.00,,,,20:00.3,->,,00:37.1,78.22
17:20:00.425 -> 78.2210.00,,,,20:00.4,->,,00:37.2,78.22
17:20:00.567 -> 78.2210.00,,,,20:00.6,->,,00:37.3,78.22
17:20:00.661 -> 78.2210.00,,,,20:00.7,->,,00:37.4,78.22
17:20:00.756 -> 78.2210.00,,,,20:00.8,->,,00:37.5,78.22
17:20:00.850 -> 78.2209.00,,,,20:00.9,->,,00:37.6,78.22
17:20:00.944 -> 76.2208.00,,,,20:00.9,->,,00:37.7,76.22
17:20:01.037 -> 74.3209.00,,,,20:01.0,->,,00:37.8,74.32
17:20:01.178 -> 76.2210.00,,,,20:01.2,->,,00:37.9,76.22
17:20:01.272 -> 78.2210.00,,,,20:01.3,->,,00:38.0,78.22
17:20:01.366 -> 78.2210.00,,,,20:01.4,->,,00:38.1,78.22
17:20:01.459 -> 78.2210.00,,,,20:01.5,->,,00:38.2,78.22
17:20:01.557 -> 78.2209.00,,,,20:01.6,->,,00:38.3,78.22
17:20:01.649 -> 76.2210.00,,,,20:01.6,->,,00:38.4,76.22
17:20:01.745 -> 78.2210.00,,,,20:01.7,->,,00:38.5,78.22
17:20:01.838 -> 78.2209.00,,,,20:01.8,->,,00:38.6,78.22
17:20:01.979 -> 76.2208.00,,,,20:02.0,->,,00:38.7,76.22
17:20:02.073 -> 74.3209.00,,,,20:02.1,->,,00:38.8,74.32
17:20:02.167 -> 76.2209.00,,,,20:02.2,->,,00:38.9,76.22
17:20:02.260 -> 76.2209.00,,,,20:02.3,->,,00:39.0,76.22
17:20:02.354 -> 76.2208.00,,,,20:02.4,->,,00:39.1,76.22
17:20:02.448 -> 74.3209.00,,,,20:02.4,->,,00:39.2,74.32
17:20:02.575 -> 76.2208.00,,,,20:02.6,->,,00:39.3,76.22
17:20:02.654 -> 74.3208.00,,,,20:02.7,->,,00:39.4,74.32
17:20:02.795 -> 74.3208.00,,,,20:02.8,->,,00:39.5,74.32
17:20:02.890 -> 74.3208.00,,,,20:02.9,->,,00:39.6,74.32
17:20:02.985 -> 74.3209.00,,,,20:03.0,->,,00:39.7,74.32
17:20:03.080 -> 76.2209.00,,,,20:03.1,->,,00:39.8,76.22
17:20:03.175 -> 76.2209.00,,,,20:03.2,->,,00:39.9,76.22
17:20:03.269 -> 76.2209.00,,,,20:03.3,->,,00:40.0,76.22
17:20:03.364 -> 76.2209.00,,,,20:03.4,->,,00:40.1,76.22
17:20:03.458 -> 76.2209.00,,,,20:03.5,->,,00:40.2,76.22
17:20:03.601 -> 76.2210.00,,,,20:03.6,->,,00:40.3,76.22
17:20:03.696 -> 78.2210.00,,,,20:03.7,->,,00:40.4,78.22
17:20:03.791 -> 78.2210.00,,,,20:03.8,->,,00:40.5,78.22
17:20:03.887 -> 78.2209.00,,,,20:03.9,->,,00:40.6,78.22
17:20:03.982 -> 76.2209.00,,,,20:04.0,->,,00:40.7,76.22
17:20:04.076 -> 76.2208.00,,,,20:04.1,->,,00:40.8,76.22
17:20:04.171 -> 74.3209.00,,,,20:04.2,->,,00:40.9,74.32
17:20:04.266 -> 76.2209.00,,,,20:04.3,->,,00:41.0,76.22
17:20:04.361 -> 76.2210.00,,,,20:04.4,->,,00:41.1,76.22
17:20:04.504 -> 78.2209.00,,,,20:04.5,->,,00:41.2,78.22
17:20:04.598 -> 76.2209.00,,,,20:04.6,->,,00:41.3,76.22
17:20:04.692 -> 76.2209.00,,,,20:04.7,->,,00:41.4,76.22
17:20:04.789 -> 76.2209.00,,,,20:04.8,->,,00:41.5,76.22
17:20:04.882 -> 76.2209.00,,,,20:04.9,->,,00:41.6,76.22
17:20:04.978 -> 76.2210.00,,,,20:05.0,->,,00:41.7,76.22
17:20:05.106 -> 78.2209.00,,,,20:05.1,->,,00:41.8,78.22
17:20:05.200 -> 76.2209.00,,,,20:05.2,->,,00:41.9,76.22
17:20:05.295 -> 76.2210.00,,,,20:05.3,->,,00:42.0,76.22
17:20:05.390 -> 78.2210.00,,,,20:05.4,->,,00:42.1,78.22
17:20:05.485 -> 78.2209.00,,,,20:05.5,->,,00:42.2,78.22
17:20:05.579 -> 76.2210.00,,,,20:05.6,->,,00:42.3,76.22
17:20:05.721 -> 78.2209.00,,,,20:05.7,->,,00:42.4,78.22
17:20:05.817 -> 76.2209.00,,,,20:05.8,->,,00:42.5,76.22
17:20:05.912 -> 76.2207.00,,,,20:05.9,->,,00:42.6,76.22
17:20:06.007 -> 72.3207.00,,,,20:06.0,->,,00:42.7,72.32
17:20:06.087 -> 72.3208.00,,,,20:06.1,->,,00:42.8,72.32
17:20:06.182 -> 74.3208.00,,,,20:06.2,->,,00:42.9,74.32
17:20:06.323 -> 74.3209.00,,,,20:06.3,->,,00:43.0,74.32
17:20:06.419 -> 76.2209.00,,,,20:06.4,->,,00:43.1,76.22
17:20:06.514 -> 76.2209.00,,,,20:06.5,->,,00:43.2,76.22
17:20:06.610 -> 76.2209.00,,,,20:06.6,->,,00:43.3,76.22
17:20:06.704 -> 76.2209.00,,,,20:06.7,->,,00:43.4,76.22
17:20:06.799 -> 76.2207.00,,,,20:06.8,->,,00:43.5,76.22
17:20:06.894 -> 72.3205.00,,,,20:06.9,->,,00:43.6,72.32
17:20:07.027 -> 68.4203.00,,,,20:07.0,->,,00:43.7,68.42
17:20:07.118 -> 64.5201.00,,,,20:07.1,->,,00:43.8,64.52
17:20:07.211 -> 60.6202.00,,,,20:07.2,->,,00:43.9,60.62
17:20:07.306 -> 62.5206.00,,,,20:07.3,->,,00:44.0,62.52
17:20:07.400 -> 70.3207.00,,,,20:07.4,->,,00:44.1,70.32
17:20:07.496 -> 72.3208.00,,,,20:07.5,->,,00:44.2,72.32
17:20:07.638 -> 74.3208.00,,,,20:07.6,->,,00:44.3,74.32
17:20:07.717 -> 74.3209.00,,,,20:07.7,->,,00:44.4,74.32
17:20:07.812 -> 76.2210.00,,,,20:07.8,->,,00:44.5,76.22
17:20:07.906 -> 78.2210.00,,,,20:07.9,->,,00:44.6,78.22
17:20:08.048 -> 78.2210.00,,,,20:08.0,->,,00:44.7,78.22
17:20:08.143 -> 78.2211.00,,,,20:08.1,->,,00:44.8,78.22
17:20:08.223 -> 80.1210.00,,,,20:08.2,->,,00:44.9,80.12
17:20:08.318 -> 78.2210.00,,,,20:08.3,->,,00:45.0,78.22
17:20:08.412 -> 78.2211.00,,,,20:08.4,->,,00:45.1,78.22
17:20:08.506 -> 80.1209.00,,,,20:08.5,->,,00:45.2,80.12
17:20:08.649 -> 76.2208.00,,,,20:08.6,->,,00:45.3,76.22
17:20:08.743 -> 74.3207.00,,,,20:08.7,->,,00:45.4,74.32
17:20:08.837 -> 72.3206.00,,,,20:08.8,->,,00:45.5,72.32
17:20:08.933 -> 70.3205.00,,,,20:08.9,->,,00:45.6,70.32
17:20:09.027 -> 68.4207.00,,,,20:09.0,->,,00:45.7,68.42
17:20:09.122 -> 72.3208.00,,,,20:09.1,->,,00:45.8,72.32
17:20:09.218 -> 74.3209.00,,,,20:09.2,->,,00:45.9,74.32
17:20:09.359 -> 76.2210.00,,,,20:09.4,->,,00:46.0,76.22
17:20:09.452 -> 78.2209.00,,,,20:09.5,->,,00:46.1,78.22
17:20:09.546 -> 76.2210.00,,,,20:09.5,->,,00:46.2,76.22
17:20:09.640 -> 78.2210.00,,,,20:09.6,->,,00:46.3,78.22
17:20:09.735 -> 78.2209.00,,,,20:09.7,->,,00:46.4,78.22
17:20:09.829 -> 76.2210.00,,,,20:09.8,->,,00:46.5,76.22
17:20:09.923 -> 78.2209.00,,,,20:09.9,->,,00:46.6,78.22
17:20:10.064 -> 76.2209.00,,,,20:10.1,->,,00:46.7,76.22
17:20:10.157 -> 76.2208.00,,,,20:10.2,->,,00:46.8,76.22
17:20:10.251 -> 74.3208.00,,,,20:10.3,->,,00:46.9,74.32
17:20:10.345 -> 74.3208.00,,,,20:10.3,->,,00:47.0,74.32
17:20:10.439 -> 74.3207.00,,,,20:10.4,->,,00:47.1,74.32
17:20:10.533 -> 72.3206.00,,,,20:10.5,->,,00:47.2,72.32
17:20:10.629 -> 70.3207.00,,,,20:10.6,->,,00:47.3,70.32
17:20:10.770 -> 72.3208.00,,,,20:10.8,->,,00:47.4,72.32
17:20:10.863 -> 74.3209.00,,,,20:10.9,->,,00:47.5,74.32
17:20:10.957 -> 76.2210.00,,,,20:11.0,->,,00:47.6,76.22
17:20:11.050 -> 78.2210.00,,,,20:11.1,->,,00:47.7,78.22
17:20:11.145 -> 78.2211.00,,,,20:11.1,->,,00:47.8,78.22
17:20:11.238 -> 80.1210.00,,,,20:11.2,->,,00:47.9,80.12
17:20:11.332 -> 78.2210.00,,,,20:11.3,->,,00:48.0,78.22
17:20:11.473 -> 78.2209.00,,,,20:11.5,->,,00:48.1,78.22
17:20:11.568 -> 76.2209.00,,,,20:11.6,->,,00:48.2,76.22
17:20:11.663 -> 76.2210.00,,,,20:11.7,->,,00:48.3,76.22
17:20:11.758 -> 78.2209.00,,,,20:11.8,->,,00:48.4,78.22
17:20:11.853 -> 76.2208.00,,,,20:11.9,->,,00:48.5,76.22
17:20:11.946 -> 74.3209.00,,,,20:11.9,->,,00:48.6,74.32
17:20:12.040 -> 76.2208.00,,,,20:12.0,->,,00:48.7,76.22
17:20:12.181 -> 74.3208.00,,,,20:12.2,->,,00:48.8,74.32
17:20:12.275 -> 74.3209.00,,,,20:12.3,->,,00:48.9,74.32
17:20:12.370 -> 76.2209.00,,,,20:12.4,->,,00:49.0,76.22
17:20:12.463 -> 76.2209.00,,,,20:12.5,->,,00:49.1,76.22
17:20:12.557 -> 76.2209.00,,,,20:12.6,->,,00:49.2,76.22
17:20:12.651 -> 76.2210.00,,,,20:12.7,->,,00:49.3,76.22
17:20:12.792 -> 78.2208.00,,,,20:12.8,->,,00:49.4,78.22
17:20:12.886 -> 74.3208.00,,,,20:12.9,->,,00:49.5,74.32
17:20:12.979 -> 74.3209.00,,,,20:13.0,->,,00:49.6,74.32
17:20:13.073 -> 76.2210.00,,,,20:13.1,->,,00:49.7,76.22
17:20:13.167 -> 78.2209.00,,,,20:13.2,->,,00:49.8,78.22
17:20:13.260 -> 76.2210.00,,,,20:13.3,->,,00:49.9,76.22
17:20:13.354 -> 78.2210.00,,,,20:13.4,->,,00:50.0,78.22
17:20:13.495 -> 78.2210.00,,,,20:13.5,->,,00:50.1,78.22
17:20:13.589 -> 78.2211.00,,,,20:13.6,->,,00:50.2,78.22
17:20:13.687 -> 80.1211.00,,,,20:13.7,->,,00:50.3,80.12
17:20:13.777 -> 80.1210.00,,,,20:13.8,->,,00:50.4,80.12
17:20:13.873 -> 78.2210.00,,,,20:13.9,->,,00:50.5,78.22
17:20:13.968 -> 78.2210.00,,,,20:14.0,->,,00:50.6,78.22
17:20:14.065 -> 78.2209.00,,,,20:14.1,->,,00:50.7,78.22
17:20:14.208 -> 76.2210.00,,,,20:14.2,->,,00:50.8,76.22
17:20:14.302 -> 78.2210.00,,,,20:14.3,->,,00:50.9,78.22
17:20:14.395 -> 78.2210.00,,,,20:14.4,->,,00:51.0,78.22
17:20:14.489 -> 78.2209.00,,,,20:14.5,->,,00:51.1,78.22
17:20:14.583 -> 76.2209.00,,,,20:14.6,->,,00:51.2,76.22
17:20:14.678 -> 76.2207.00,,,,20:14.7,->,,00:51.3,76.22
17:20:14.773 -> 72.3206.00,,,,20:14.8,->,,00:51.4,72.32
17:20:14.869 -> 70.3203.00,,,,20:14.9,->,,00:51.5,70.32
17:20:14.996 -> 64.5202.00,,,,20:15.0,->,,00:51.6,64.52
17:20:15.092 -> 62.5199.00,,,,20:15.1,->,,00:51.7,62.51
17:20:15.186 -> 56.7198.00,,,,20:15.2,->,,00:51.8,56.71
17:20:15.280 -> 54.7199.00,,,,20:15.3,->,,00:51.9,54.71
17:20:15.375 -> 56.7202.00,,,,20:15.4,->,,00:52.0,56.72
17:20:15.503 -> 62.5204.00,,,,20:15.5,->,,00:52.1,62.52
17:20:15.599 -> 66.4206.00,,,,20:15.6,->,,00:52.2,66.42
17:20:15.693 -> 70.3209.00,,,,20:15.7,->,,00:52.3,70.32
17:20:15.788 -> 76.2209.00,,,,20:15.8,->,,00:52.4,76.22
17:20:15.883 -> 76.2210.00,,,,20:15.9,->,,00:52.5,76.22
17:20:16.025 -> 78.2210.00,,,,20:16.0,->,,00:52.6,78.22
17:20:16.120 -> 78.2211.00,,,,20:16.1,->,,00:52.7,78.22
17:20:16.214 -> 80.1212.00,,,,20:16.2,->,,00:52.8,80.12
17:20:16.308 -> 82.1210.00,,,,20:16.3,->,,00:52.9,82.12
17:20:16.403 -> 78.2211.00,,,,20:16.4,->,,00:53.0,78.22
17:20:16.498 -> 80.1211.00,,,,20:16.5,->,,00:53.1,80.12
17:20:16.592 -> 80.1211.00,,,,20:16.6,->,,00:53.2,80.12
17:20:16.687 -> 80.1210.00,,,,20:16.7,->,,00:53.3,80.12
17:20:16.829 -> 78.2210.00,,,,20:16.8,->,,00:53.4,78.22
17:20:16.924 -> 78.2210.00,,,,20:16.9,->,,00:53.5,78.22
17:20:17.019 -> 78.2210.00,,,,20:17.0,->,,00:53.6,78.22
17:20:17.099 -> 78.2210.00,,,,20:17.1,->,,00:53.7,78.22
17:20:17.194 -> 78.2210.00,,,,20:17.2,->,,00:53.8,78.22
17:20:17.289 -> 78.2210.00,,,,20:17.3,->,,00:53.9,78.22
17:20:17.431 -> 78.2209.00,,,,20:17.4,->,,00:54.0,78.22
17:20:17.526 -> 76.2209.00,,,,20:17.5,->,,00:54.1,76.22
17:20:17.621 -> 76.2210.00,,,,20:17.6,->,,00:54.2,76.22
17:20:17.716 -> 78.2210.00,,,,20:17.7,->,,00:54.3,78.22
17:20:17.811 -> 78.2210.00,,,,20:17.8,->,,00:54.4,78.22
17:20:17.905 -> 78.2209.00,,,,20:17.9,->,,00:54.5,78.22
17:20:18.031 -> 76.2210.00,,,,20:18.0,->,,00:54.6,76.22
17:20:18.126 -> 78.2209.00,,,,20:18.1,->,,00:54.7,78.22
17:20:18.220 -> 76.2209.00,,,,20:18.2,->,,00:54.8,76.22
17:20:18.316 -> 76.2209.00,,,,20:18.3,->,,00:54.9,76.22
17:20:18.410 -> 76.2209.00,,,,20:18.4,->,,00:55.0,76.22
17:20:18.505 -> 76.2210.00,,,,20:18.5,->,,00:55.1,76.22
17:20:18.647 -> 78.2210.00,,,,20:18.6,->,,00:55.2,78.22
17:20:18.742 -> 78.2211.00,,,,20:18.7,->,,00:55.3,78.22
17:20:18.836 -> 80.1211.00,,,,20:18.8,->,,00:55.4,80.12
17:20:18.931 -> 80.1210.00,,,,20:18.9,->,,00:55.5,80.12
17:20:19.027 -> 78.2211.00,,,,20:19.0,->,,00:55.6,78.22
17:20:19.122 -> 80.1211.00,,,,20:19.1,->,,00:55.7,80.12
17:20:19.217 -> 80.1211.00,,,,20:19.2,->,,00:55.8,80.12
17:20:19.312 -> 80.1210.00,,,,20:19.3,->,,00:55.9,80.12
17:20:19.454 -> 78.2210.00,,,,20:19.5,->,,00:56.0,78.22
17:20:19.547 -> 78.2210.00,,,,20:19.5,->,,00:56.1,78.22
17:20:19.642 -> 78.2210.00,,,,20:19.6,->,,00:56.2,78.22
17:20:19.744 -> 78.2210.00,,,,20:19.7,->,,00:56.3,78.22
17:20:19.831 -> 78.2210.00,,,,20:19.8,->,,00:56.4,78.22
17:20:19.926 -> 78.2209.00,,,,20:19.9,->,,00:56.5,78.22
17:20:20.020 -> 76.2210.00,,,,20:20.0,->,,00:56.6,76.22
17:20:20.161 -> 78.2210.00,,,,20:20.2,->,,00:56.7,78.22
17:20:20.256 -> 78.2210.00,,,,20:20.3,->,,00:56.8,78.22
17:20:20.350 -> 78.2209.00,,,,20:20.3,->,,00:56.9,78.22
17:20:20.430 -> 76.2210.00,,,,20:20.4,->,,00:57.0,76.22
17:20:20.541 -> 78.2210.00,,,,20:20.5,->,,00:57.1,78.22
17:20:20.638 -> 78.2209.00,,,,20:20.6,->,,00:57.2,78.22
17:20:20.732 -> 76.2209.00,,,,20:20.7,->,,00:57.3,76.22
17:20:20.827 -> 76.2209.00,,,,20:20.8,->,,00:57.4,76.22
17:20:20.968 -> 76.2209.00,,,,20:21.0,->,,00:57.5,76.22
17:20:21.062 -> 76.2209.00,,,,20:21.1,->,,00:57.6,76.22
17:20:21.158 -> 76.2209.00,,,,20:21.2,->,,00:57.7,76.22
17:20:21.252 -> 76.2210.00,,,,20:21.3,->,,00:57.8,76.22
17:20:21.351 -> 78.2209.00,,,,20:21.4,->,,00:57.9,78.22
17:20:21.443 -> 76.2208.00,,,,20:21.4,->,,00:58.0,76.22
17:20:21.536 -> 74.3208.00,,,,20:21.5,->,,00:58.1,74.32
17:20:21.681 -> 74.3206.00,,,,20:21.7,->,,00:58.2,74.32
17:20:21.773 -> 70.3207.00,,,,20:21.8,->,,00:58.3,70.32
17:20:21.867 -> 72.3208.00,,,,20:21.9,->,,00:58.4,72.32
17:20:21.961 -> 74.3210.00,,,,20:22.0,->,,00:58.5,74.32
17:20:22.055 -> 78.2210.00,,,,20:22.1,->,,00:58.6,78.22
17:20:22.181 -> 78.2210.00,,,,20:22.2,->,,00:58.7,78.22
17:20:22.276 -> 78.2209.00,,,,20:22.3,->,,00:58.8,78.22
17:20:22.370 -> 76.2209.00,,,,20:22.4,->,,00:58.9,76.22
17:20:22.464 -> 76.2207.00,,,,20:22.5,->,,00:59.0,76.22
17:20:22.558 -> 72.3207.00,,,,20:22.6,->,,00:59.1,72.32
17:20:22.651 -> 72.3207.00,,,,20:22.7,->,,00:59.2,72.32
17:20:22.792 -> 72.3207.00,,,,20:22.8,->,,00:59.3,72.32
17:20:22.887 -> 72.3208.00,,,,20:22.9,->,,00:59.4,72.32
17:20:22.982 -> 74.3209.00,,,,20:23.0,->,,00:59.5,74.32
17:20:23.076 -> 76.2209.00,,,,20:23.1,->,,00:59.6,76.22
17:20:23.170 -> 76.2210.00,,,,20:23.2,->,,00:59.7,76.22
17:20:23.264 -> 78.2210.00,,,,20:23.3,->,,00:59.8,78.22
17:20:23.359 -> 78.2210.00,,,,20:23.4,->,,00:59.9,78.22
17:20:23.454 -> 78.2210.00,,,,20:23.5,->,,01:00.0,78.22
17:20:23.595 -> 78.2210.00,,,,20:23.6,->,,01:00.1,78.22
17:20:23.691 -> 78.2209.00,,,,20:23.7,->,,01:00.2,78.22
17:20:23.785 -> 76.2209.00,,,,20:23.8,->,,01:00.3,76.22
17:20:23.881 -> 76.2210.00,,,,20:23.9,->,,01:00.4,76.22
17:20:23.976 -> 78.2210.00,,,,20:24.0,->,,01:00.5,78.22
17:20:24.071 -> 78.2210.00,,,,20:24.1,->,,01:00.6,78.22
17:20:24.164 -> 78.2211.00,,,,20:24.2,->,,01:00.7,78.22
17:20:24.258 -> 80.1210.00,,,,20:24.3,->,,01:00.8,80.12
17:20:24.385 -> 78.2210.00,,,,20:24.4,->,,01:00.9,78.22
17:20:24.480 -> 78.2211.00,,,,20:24.5,->,,01:01.0,78.22
17:20:24.575 -> 80.1211.00,,,,20:24.6,->,,01:01.1,80.12
17:20:24.669 -> 80.1212.00,,,,20:24.7,->,,01:01.2,80.12
17:20:24.810 -> 82.1211.00,,,,20:24.8,->,,01:01.3,82.12
17:20:24.904 -> 80.1211.00,,,,20:24.9,->,,01:01.4,80.12
17:20:24.999 -> 80.1210.00,,,,20:25.0,->,,01:01.5,80.12
17:20:25.094 -> 78.2209.00,,,,20:25.1,->,,01:01.6,78.22
17:20:25.190 -> 76.2210.00,,,,20:25.2,->,,01:01.7,76.22
17:20:25.286 -> 78.2210.00,,,,20:25.3,->,,01:01.8,78.22
17:20:25.380 -> 78.2209.00,,,,20:25.4,->,,01:01.9,78.22
17:20:25.474 -> 76.2210.00,,,,20:25.5,->,,01:02.0,76.22
17:20:25.615 -> 78.2210.00,,,,20:25.6,->,,01:02.1,78.22
17:20:25.708 -> 78.2210.00,,,,20:25.7,->,,01:02.2,78.22
17:20:25.803 -> 78.2209.00,,,,20:25.8,->,,01:02.3,78.22
17:20:25.912 -> 76.2210.00,,,,20:25.9,->,,01:02.4,76.22
17:20:26.007 -> 78.2209.00,,,,20:26.0,->,,01:02.5,78.22
17:20:26.087 -> 76.2210.00,,,,20:26.1,->,,01:02.6,76.22
17:20:26.182 -> 78.2210.00,,,,20:26.2,->,,01:02.7,78.22
17:20:26.323 -> 78.2210.00,,,,20:26.3,->,,01:02.8,78.22
17:20:26.417 -> 78.2210.00,,,,20:26.4,->,,01:02.9,78.22
17:20:26.510 -> 78.2209.00,,,,20:26.5,->,,01:03.0,78.22
17:20:26.604 -> 76.2210.00,,,,20:26.6,->,,01:03.1,76.22
17:20:26.698 -> 78.2210.00,,,,20:26.7,->,,01:03.2,78.22
17:20:26.792 -> 78.2210.00,,,,20:26.8,->,,01:03.3,78.22
17:20:26.933 -> 78.2210.00,,,,20:26.9,->,,01:03.4,78.22
17:20:27.029 -> 78.2211.00,,,,20:27.0,->,,01:03.5,78.22
17:20:27.122 -> 80.1210.00,,,,20:27.1,->,,01:03.6,80.12
17:20:27.216 -> 78.2210.00,,,,20:27.2,->,,01:03.7,78.22
17:20:27.310 -> 78.2210.00,,,,20:27.3,->,,01:03.8,78.22
17:20:27.404 -> 78.2211.00,,,,20:27.4,->,,01:03.9,78.22
17:20:27.497 -> 80.1210.00,,,,20:27.5,->,,01:04.0,80.12
17:20:27.591 -> 78.2210.00,,,,20:27.6,->,,01:04.1,78.22
17:20:27.732 -> 78.2210.00,,,,20:27.7,->,,01:04.2,78.22
17:20:27.828 -> 78.2209.00,,,,20:27.8,->,,01:04.3,78.22
17:20:27.923 -> 76.2210.00,,,,20:27.9,->,,01:04.4,76.22
17:20:28.019 -> 78.2210.00,,,,20:28.0,->,,01:04.5,78.22
17:20:28.113 -> 78.2210.00,,,,20:28.1,->,,01:04.6,78.22
17:20:28.209 -> 78.2209.00,,,,20:28.2,->,,01:04.7,78.22
17:20:28.302 -> 76.2209.00,,,,20:28.3,->,,01:04.8,76.22
17:20:28.443 -> 76.2209.00,,,,20:28.4,->,,01:04.9,76.22
17:20:28.538 -> 76.2209.00,,,,20:28.5,->,,01:05.0,76.22
17:20:28.634 -> 76.2208.00,,,,20:28.6,->,,01:05.1,76.22
17:20:28.728 -> 74.3208.00,,,,20:28.7,->,,01:05.2,74.32
17:20:28.822 -> 74.3205.00,,,,20:28.8,->,,01:05.3,74.32
17:20:28.916 -> 68.4204.00,,,,20:28.9,->,,01:05.4,68.42
17:20:29.010 -> 66.4205.00,,,,20:29.0,->,,01:05.5,66.42
17:20:29.150 -> 68.4205.00,,,,20:29.2,->,,01:05.6,68.42
17:20:29.244 -> 68.4207.00,,,,20:29.2,->,,01:05.7,68.42
17:20:29.338 -> 72.3207.00,,,,20:29.3,->,,01:05.8,72.32
17:20:29.432 -> 72.3207.00,,,,20:29.4,->,,01:05.9,72.32
17:20:29.525 -> 72.3209.00,,,,20:29.5,->,,01:06.0,72.32
17:20:29.619 -> 76.2210.00,,,,20:29.6,->,,01:06.1,76.22
17:20:29.760 -> 78.2210.00,,,,20:29.8,->,,01:06.2,78.22
17:20:29.854 -> 78.2210.00,,,,20:29.9,->,,01:06.3,78.22
17:20:29.947 -> 78.2211.00,,,,20:29.9,->,,01:06.4,78.22
17:20:30.041 -> 80.1211.00,,,,20:30.0,->,,01:06.5,80.12
17:20:30.135 -> 80.1211.00,,,,20:30.1,->,,01:06.6,80.12
17:20:30.229 -> 80.1211.00,,,,20:30.2,->,,01:06.7,80.12
17:20:30.325 -> 80.1210.00,,,,20:30.3,->,,01:06.8,80.12
17:20:30.467 -> 78.2211.00,,,,20:30.5,->,,01:06.9,78.22
17:20:30.564 -> 80.1210.00,,,,20:30.6,->,,01:07.0,80.12
17:20:30.657 -> 78.2210.00,,,,20:30.7,->,,01:07.1,78.22
17:20:30.751 -> 78.2210.00,,,,20:30.8,->,,01:07.2,78.22
17:20:30.845 -> 78.2210.00,,,,20:30.8,->,,01:07.3,78.22
17:20:30.940 -> 78.2210.00,,,,20:30.9,->,,01:07.4,78.22
17:20:31.067 -> 78.2210.00,,,,20:31.1,->,,01:07.5,78.22
17:20:31.162 -> 78.2210.00,,,,20:31.2,->,,01:07.6,78.22
17:20:31.257 -> 78.2211.00,,,,20:31.3,->,,01:07.7,78.22
17:20:31.352 -> 80.1211.00,,,,20:31.4,->,,01:07.8,80.12
17:20:31.447 -> 80.1210.00,,,,20:31.4,->,,01:07.9,80.12
17:20:31.542 -> 78.2210.00,,,,20:31.5,->,,01:08.0,78.22
17:20:31.637 -> 78.2210.00,,,,20:31.6,->,,01:08.1,78.22
17:20:31.779 -> 78.2210.00,,,,20:31.8,->,,01:08.2,78.22
17:20:31.874 -> 78.2209.00,,,,20:31.9,->,,01:08.3,78.22
17:20:31.969 -> 76.2209.00,,,,20:32.0,->,,01:08.4,76.22
17:20:32.064 -> 76.2209.00,,,,20:32.1,->,,01:08.5,76.22
17:20:32.160 -> 76.2208.00,,,,20:32.2,->,,01:08.6,76.22
17:20:32.254 -> 74.3208.00,,,,20:32.3,->,,01:08.7,74.32
17:20:32.349 -> 74.3209.00,,,,20:32.3,->,,01:08.8,74.32
17:20:32.444 -> 76.2209.00,,,,20:32.4,->,,01:08.9,76.22
17:20:32.571 -> 76.2210.00,,,,20:32.6,->,,01:09.0,76.22
17:20:32.666 -> 78.2209.00,,,,20:32.7,->,,01:09.1,78.22
17:20:32.762 -> 76.2209.00,,,,20:32.8,->,,01:09.2,76.22
17:20:32.857 -> 76.2209.00,,,,20:32.9,->,,01:09.3,76.22
17:20:32.954 -> 76.2210.00,,,,20:33.0,->,,01:09.4,76.22
17:20:33.047 -> 78.2210.00,,,,20:33.0,->,,01:09.5,78.22
17:20:33.173 -> 78.2210.00,,,,20:33.2,->,,01:09.6,78.22
17:20:33.269 -> 78.2210.00,,,,20:33.3,->,,01:09.7,78.22
17:20:33.364 -> 78.2210.00,,,,20:33.4,->,,01:09.8,78.22
17:20:33.459 -> 78.2210.00,,,,20:33.5,->,,01:09.9,78.22
17:20:33.554 -> 78.2210.00,,,,20:33.6,->,,01:10.0,78.22
17:20:33.649 -> 78.2209.00,,,,20:33.6,->,,01:10.1,78.22
17:20:33.792 -> 76.2209.00,,,,20:33.8,->,,01:10.2,76.22
17:20:33.887 -> 76.2209.00,,,,20:33.9,->,,01:10.3,76.22
17:20:33.983 -> 76.2209.00,,,,20:34.0,->,,01:10.4,76.22
17:20:34.078 -> 76.2209.00,,,,20:34.1,->,,01:10.5,76.22
17:20:34.173 -> 76.2210.00,,,,20:34.2,->,,01:10.6,76.22
17:20:34.301 -> 78.2210.00,,,,20:34.3,->,,01:10.7,78.22
17:20:34.396 -> 78.2210.00,,,,20:34.4,->,,01:10.8,78.22
17:20:34.492 -> 78.2209.00,,,,20:34.5,->,,01:10.9,78.22
17:20:34.587 -> 76.2210.00,,,,20:34.6,->,,01:11.0,76.22
17:20:34.683 -> 78.2209.00,,,,20:34.7,->,,01:11.1,78.22
17:20:34.777 -> 76.2209.00,,,,20:34.8,->,,01:11.2,76.22
17:20:34.871 -> 76.2209.00,,,,20:34.9,->,,01:11.3,76.22
17:20:35.013 -> 76.2209.00,,,,20:35.0,->,,01:11.4,76.22
17:20:35.108 -> 76.2209.00,,,,20:35.1,->,,01:11.5,76.22
17:20:35.204 -> 76.2209.00,,,,20:35.2,->,,01:11.6,76.22
17:20:35.297 -> 76.2209.00,,,,20:35.3,->,,01:11.7,76.22
17:20:35.391 -> 76.2208.00,,,,20:35.4,->,,01:11.8,76.22
17:20:35.485 -> 74.3208.00,,,,20:35.5,->,,01:11.9,74.32
17:20:35.579 -> 74.3209.00,,,,20:35.6,->,,01:12.0,74.32
17:20:35.672 -> 76.2210.00,,,,20:35.7,->,,01:12.1,76.22
17:20:35.814 -> 78.2210.00,,,,20:35.8,->,,01:12.2,78.22
17:20:35.908 -> 78.2210.00,,,,20:35.9,->,,01:12.3,78.22
17:20:36.019 -> 78.2210.00,,,,20:36.0,->,,01:12.4,78.22
17:20:36.099 -> 78.2210.00,,,,20:36.1,->,,01:12.5,78.22
17:20:36.194 -> 78.2210.00,,,,20:36.2,->,,01:12.6,78.22
17:20:36.288 -> 78.2210.00,,,,20:36.3,->,,01:12.7,78.22
17:20:36.381 -> 78.2211.00,,,,20:36.4,->,,01:12.8,78.22
17:20:36.522 -> 80.1210.00,,,,20:36.5,->,,01:12.9,80.12
17:20:36.616 -> 78.2211.00,,,,20:36.6,->,,01:13.0,78.22
17:20:36.709 -> 80.1210.00,,,,20:36.7,->,,01:13.1,80.12
17:20:36.803 -> 78.2210.00,,,,20:36.8,->,,01:13.2,78.22
17:20:36.897 -> 78.2209.00,,,,20:36.9,->,,01:13.3,78.22
17:20:36.991 -> 76.2208.00,,,,20:37.0,->,,01:13.4,76.22
17:20:37.136 -> 74.3208.00,,,,20:37.1,->,,01:13.5,74.32
17:20:37.228 -> 74.3208.00,,,,20:37.2,->,,01:13.6,74.32
17:20:37.322 -> 74.3208.00,,,,20:37.3,->,,01:13.7,74.32
17:20:37.416 -> 74.3210.00,,,,20:37.4,->,,01:13.8,74.32
17:20:37.509 -> 78.2210.00,,,,20:37.5,->,,01:13.9,78.22
17:20:37.603 -> 78.2210.00,,,,20:37.6,->,,01:14.0,78.22
17:20:37.697 -> 78.2209.00,,,,20:37.7,->,,01:14.1,78.22
17:20:37.791 -> 76.2209.00,,,,20:37.8,->,,01:14.2,76.22
17:20:37.931 -> 76.2210.00,,,,20:37.9,->,,01:14.3,76.22
17:20:38.025 -> 78.2210.00,,,,20:38.0,->,,01:14.4,78.22
17:20:38.103 -> 78.2210.00,,,,20:38.1,->,,01:14.5,78.22
17:20:38.197 -> 78.2210.00,,,,20:38.2,->,,01:14.6,78.22
17:20:38.338 -> 78.2210.00,,,,20:38.3,->,,01:14.7,78.22
17:20:38.434 -> 78.2210.00,,,,20:38.4,->,,01:14.8,78.22
17:20:38.527 -> 78.2210.00,,,,20:38.5,->,,01:14.9,78.22
17:20:38.622 -> 78.2211.00,,,,20:38.6,->,,01:15.0,78.22
17:20:38.715 -> 80.1210.00,,,,20:38.7,->,,01:15.1,80.12
17:20:38.810 -> 78.2210.00,,,,20:38.8,->,,01:15.2,78.22
17:20:38.952 -> 78.2210.00,,,,20:39.0,->,,01:15.3,78.22
17:20:39.046 -> 78.2210.00,,,,20:39.0,->,,01:15.4,78.22
17:20:39.142 -> 78.2210.00,,,,20:39.1,->,,01:15.5,78.22
17:20:39.235 -> 78.2210.00,,,,20:39.2,->,,01:15.6,78.22
17:20:39.329 -> 78.2210.00,,,,20:39.3,->,,01:15.7,78.22
17:20:39.423 -> 78.2209.00,,,,20:39.4,->,,01:15.8,78.22
17:20:39.516 -> 76.2208.00,,,,20:39.5,->,,01:15.9,76.22
17:20:39.610 -> 74.3206.00,,,,20:39.6,->,,01:16.0,74.32
17:20:39.751 -> 70.3205.00,,,,20:39.8,->,,01:16.1,70.32
17:20:39.845 -> 68.4206.00,,,,20:39.8,->,,01:16.2,68.42
17:20:39.939 -> 70.3207.00,,,,20:39.9,->,,01:16.3,70.32
17:20:40.033 -> 72.3208.00,,,,20:40.0,->,,01:16.4,72.32
17:20:40.127 -> 74.3209.00,,,,20:40.1,->,,01:16.5,74.32
17:20:40.222 -> 76.2210.00,,,,20:40.2,->,,01:16.6,76.22
17:20:40.316 -> 78.2209.00,,,,20:40.3,->,,01:16.7,78.22
17:20:40.456 -> 76.2209.00,,,,20:40.5,->,,01:16.8,76.22
17:20:40.550 -> 76.2209.00,,,,20:40.6,->,,01:16.9,76.22
17:20:40.644 -> 76.2209.00,,,,20:40.6,->,,01:17.0,76.22
17:20:40.738 -> 76.2210.00,,,,20:40.7,->,,01:17.1,76.22
17:20:40.832 -> 78.2210.00,,,,20:40.8,->,,01:17.2,78.22
17:20:40.974 -> 78.2210.00,,,,20:41.0,->,,01:17.3,78.22
17:20:41.069 -> 78.2210.00,,,,20:41.1,->,,01:17.4,78.22
17:20:41.165 -> 78.2210.00,,,,20:41.2,->,,01:17.5,78.22
17:20:41.259 -> 78.2210.00,,,,20:41.3,->,,01:17.6,78.22
17:20:41.353 -> 78.2210.00,,,,20:41.4,->,,01:17.7,78.22
17:20:41.447 -> 78.2211.00,,,,20:41.4,->,,01:17.8,78.22
17:20:41.540 -> 80.1211.00,,,,20:41.5,->,,01:17.9,80.12
17:20:41.634 -> 80.1211.00,,,,20:41.6,->,,01:18.0,80.12
17:20:41.728 -> 80.1212.00,,,,20:41.7,->,,01:18.1,80.12
17:20:41.868 -> 82.1212.00,,,,20:41.9,->,,01:18.2,82.12
17:20:41.962 -> 82.1211.00,,,,20:42.0,->,,01:18.3,82.12
17:20:42.058 -> 80.1210.00,,,,20:42.1,->,,01:18.4,80.12
17:20:42.152 -> 78.2210.00,,,,20:42.2,->,,01:18.5,78.22
17:20:42.247 -> 78.2208.00,,,,20:42.2,->,,01:18.6,78.22
17:20:42.342 -> 74.3208.00,,,,20:42.3,->,,01:18.7,74.32
17:20:42.482 -> 74.3210.00,,,,20:42.5,->,,01:18.8,74.32
17:20:42.578 -> 78.2210.00,,,,20:42.6,->,,01:18.9,78.22
17:20:42.672 -> 78.2210.00,,,,20:42.7,->,,01:19.0,78.22
17:20:42.766 -> 78.2210.00,,,,20:42.8,->,,01:19.1,78.22
17:20:42.865 -> 78.2210.00,,,,20:42.9,->,,01:19.2,78.22
17:20:42.957 -> 78.2210.00,,,,20:43.0,->,,01:19.3,78.22
17:20:43.050 -> 78.2210.00,,,,20:43.1,->,,01:19.4,78.22
17:20:43.192 -> 78.2210.00,,,,20:43.2,->,,01:19.5,78.22
17:20:43.287 -> 78.2210.00,,,,20:43.3,->,,01:19.6,78.22
17:20:43.381 -> 78.2209.00,,,,20:43.4,->,,01:19.7,78.22
17:20:43.477 -> 76.2210.00,,,,20:43.5,->,,01:19.8,76.22
17:20:43.572 -> 78.2209.00,,,,20:43.6,->,,01:19.9,78.22
17:20:43.666 -> 76.2210.00,,,,20:43.7,->,,01:20.0,76.22
17:20:43.762 -> 78.2209.00,,,,20:43.8,->,,01:20.1,78.22
17:20:43.858 -> 76.2210.00,,,,20:43.9,->,,01:20.2,76.22
17:20:44.000 -> 78.2209.00,,,,20:44.0,->,,01:20.3,78.22
17:20:44.081 -> 76.2209.00,,,,20:44.1,->,,01:20.4,76.22
17:20:44.168 -> 76.2209.00,,,,20:44.2,->,,01:20.5,76.22
17:20:44.289 -> 76.2210.00,,,,20:44.3,->,,01:20.6,76.22
17:20:44.384 -> 78.2210.00,,,,20:44.4,->,,01:20.7,78.22
17:20:44.481 -> 78.2211.00,,,,20:44.5,->,,01:20.8,78.22
17:20:44.575 -> 80.1211.00,,,,20:44.6,->,,01:20.9,80.12
17:20:44.670 -> 80.1211.00,,,,20:44.7,->,,01:21.0,80.12
17:20:44.766 -> 80.1210.00,,,,20:44.8,->,,01:21.1,80.12
17:20:44.893 -> 78.2210.00,,,,20:44.9,->,,01:21.2,78.22
17:20:44.988 -> 78.2209.00,,,,20:45.0,->,,01:21.3,78.22
17:20:45.083 -> 76.2209.00,,,,20:45.1,->,,01:21.4,76.22
17:20:45.177 -> 76.2208.00,,,,20:45.2,->,,01:21.5,76.22
17:20:45.272 -> 74.3209.00,,,,20:45.3,->,,01:21.6,74.32
17:20:45.416 -> 76.2209.00,,,,20:45.4,->,,01:21.7,76.22
17:20:45.511 -> 76.2209.00,,,,20:45.5,->,,01:21.8,76.22
17:20:45.606 -> 76.2209.00,,,,20:45.6,->,,01:21.9,76.22
17:20:45.700 -> 76.2210.00,,,,20:45.7,->,,01:22.0,76.22
17:20:45.796 -> 78.2210.00,,,,20:45.8,->,,01:22.1,78.22
17:20:45.890 -> 78.2210.00,,,,20:45.9,->,,01:22.2,78.22
17:20:45.984 -> 78.2209.00,,,,20:46.0,->,,01:22.3,78.22
17:20:46.080 -> 76.2211.00,,,,20:46.1,->,,01:22.4,76.22
17:20:46.207 -> 80.1210.00,,,,20:46.2,->,,01:22.5,80.12
17:20:46.301 -> 78.2210.00,,,,20:46.3,->,,01:22.6,78.22
17:20:46.395 -> 78.2210.00,,,,20:46.4,->,,01:22.7,78.22
17:20:46.492 -> 78.2209.00,,,,20:46.5,->,,01:22.8,78.22
17:20:46.588 -> 76.2209.00,,,,20:46.6,->,,01:22.9,76.22
17:20:46.681 -> 76.2210.00,,,,20:46.7,->,,01:23.0,76.22
17:20:46.808 -> 78.2209.00,,,,20:46.8,->,,01:23.1,78.22
17:20:46.903 -> 76.2209.00,,,,20:46.9,->,,01:23.2,76.22
17:20:46.997 -> 76.2210.00,,,,20:47.0,->,,01:23.3,76.22
17:20:47.124 -> 78.2210.00,,,,20:47.1,->,,01:23.4,78.22
17:20:47.219 -> 78.2210.00,,,,20:47.2,->,,01:23.5,78.22
17:20:47.314 -> 78.2210.00,,,,20:47.3,->,,01:23.6,78.22
17:20:47.413 -> 78.2210.00,,,,20:47.4,->,,01:23.7,78.22
17:20:47.505 -> 78.2210.00,,,,20:47.5,->,,01:23.8,78.22
17:20:47.600 -> 78.2211.00,,,,20:47.6,->,,01:23.9,78.22
17:20:47.695 -> 80.1210.00,,,,20:47.7,->,,01:24.0,80.12
17:20:47.852 -> 78.2210.00,,,,20:47.9,->,,01:24.1,78.22
17:20:47.931 -> 78.2210.00,,,,20:47.9,->,,01:24.2,78.22
17:20:48.026 -> 78.2209.00,,,,20:48.0,->,,01:24.3,78.22
17:20:48.122 -> 76.2210.00,,,,20:48.1,->,,01:24.4,76.22
17:20:48.217 -> 78.2209.00,,,,20:48.2,->,,01:24.5,78.22
17:20:48.315 -> 76.2210.00,,,,20:48.3,->,,01:24.6,76.22
17:20:48.407 -> 78.2210.00,,,,20:48.4,->,,01:24.7,78.22
17:20:48.502 -> 78.2210.00,,,,20:48.5,->,,01:24.8,78.22
17:20:48.644 -> 78.2210.00,,,,20:48.6,->,,01:24.9,78.22
17:20:48.740 -> 78.2210.00,,,,20:48.7,->,,01:25.0,78.22
17:20:48.835 -> 78.2211.00,,,,20:48.8,->,,01:25.1,78.22
17:20:48.930 -> 80.1210.00,,,,20:48.9,->,,01:25.2,80.12
17:20:49.024 -> 78.2210.00,,,,20:49.0,->,,01:25.3,78.22
17:20:49.120 -> 78.2210.00,,,,20:49.1,->,,01:25.4,78.22
17:20:49.214 -> 78.2209.00,,,,20:49.2,->,,01:25.5,78.22
17:20:49.309 -> 76.2209.00,,,,20:49.3,->,,01:25.6,76.22
17:20:49.452 -> 76.2209.00,,,,20:49.5,->,,01:25.7,76.22
17:20:49.547 -> 76.2208.00,,,,20:49.5,->,,01:25.8,76.22
17:20:49.642 -> 74.3208.00,,,,20:49.6,->,,01:25.9,74.32
17:20:49.736 -> 74.3208.00,,,,20:49.7,->,,01:26.0,74.32
17:20:49.831 -> 74.3208.00,,,,20:49.8,->,,01:26.1,74.32
17:20:49.927 -> 74.3209.00,,,,20:49.9,->,,01:26.2,74.32
17:20:50.022 -> 76.2209.00,,,,20:50.0,->,,01:26.3,76.22
17:20:50.118 -> 76.2209.00,,,,20:50.1,->,,01:26.4,76.22
17:20:50.261 -> 76.2210.00,,,,20:50.3,->,,01:26.5,76.22
17:20:50.356 -> 78.2209.00,,,,20:50.4,->,,01:26.6,78.22
17:20:50.452 -> 76.2211.00,,,,20:50.5,->,,01:26.7,76.22
17:20:50.548 -> 80.1210.00,,,,20:50.5,->,,01:26.8,80.12
17:20:50.643 -> 78.2210.00,,,,20:50.6,->,,01:26.9,78.22
17:20:50.738 -> 78.2210.00,,,,20:50.7,->,,01:27.0,78.22
17:20:50.832 -> 78.2210.00,,,,20:50.8,->,,01:27.1,78.22
17:20:50.927 -> 78.2210.00,,,,20:50.9,->,,01:27.2,78.22
17:20:51.069 -> 78.2208.00,,,,20:51.1,->,,01:27.3,78.22
17:20:51.163 -> 74.3207.00,,,,20:51.2,->,,01:27.4,74.32
17:20:51.258 -> 72.3204.00,,,,20:51.3,->,,01:27.5,72.32
17:20:51.352 -> 66.4206.00,,,,20:51.4,->,,01:27.6,66.42
17:20:51.447 -> 70.3209.00,,,,20:51.4,->,,01:27.7,70.32
17:20:51.542 -> 76.2210.00,,,,20:51.5,->,,01:27.8,76.22
17:20:51.637 -> 78.2209.00,,,,20:51.6,->,,01:27.9,78.22
17:20:51.732 -> 76.2209.00,,,,20:51.7,->,,01:28.0,76.22
17:20:51.874 -> 76.2208.00,,,,20:51.9,->,,01:28.1,76.22
17:20:51.969 -> 74.3205.00,,,,20:52.0,->,,01:28.2,74.32
17:20:52.065 -> 68.4207.00,,,,20:52.1,->,,01:28.3,68.42
17:20:52.160 -> 72.3209.00,,,,20:52.2,->,,01:28.4,72.32
17:20:52.254 -> 76.2209.00,,,,20:52.3,->,,01:28.5,76.22
17:20:52.349 -> 76.2209.00,,,,20:52.3,->,,01:28.6,76.22
17:20:52.477 -> 76.2209.00,,,,20:52.5,->,,01:28.7,76.22
17:20:52.559 -> 76.2210.00,,,,20:52.6,->,,01:28.8,76.22
17:20:52.651 -> 78.2209.00,,,,20:52.7,->,,01:28.9,78.22
17:20:52.745 -> 76.2210.00,,,,20:52.7,->,,01:29.0,76.22
17:20:52.841 -> 78.2210.00,,,,20:52.8,->,,01:29.1,78.22
17:20:52.983 -> 78.2210.00,,,,20:53.0,->,,01:29.2,78.22
17:20:53.078 -> 78.2209.00,,,,20:53.1,->,,01:29.3,78.22
17:20:53.173 -> 76.2209.00,,,,20:53.2,->,,01:29.4,76.22
17:20:53.268 -> 76.2208.00,,,,20:53.3,->,,01:29.5,76.22
17:20:53.363 -> 74.3208.00,,,,20:53.4,->,,01:29.6,74.32
17:20:53.459 -> 74.3208.00,,,,20:53.5,->,,01:29.7,74.32
17:20:53.554 -> 74.3208.00,,,,20:53.6,->,,01:29.8,74.32
17:20:53.698 -> 74.3208.00,,,,20:53.7,->,,01:29.9,74.32
17:20:53.778 -> 74.3209.00,,,,20:53.8,->,,01:30.0,74.32
17:20:53.873 -> 76.2209.00,,,,20:53.9,->,,01:30.1,76.22
17:20:53.969 -> 76.2209.00,,,,20:54.0,->,,01:30.2,76.22
17:20:54.064 -> 76.2209.00,,,,20:54.1,->,,01:30.3,76.22
17:20:54.158 -> 76.2210.00,,,,20:54.2,->,,01:30.4,76.22
17:20:54.299 -> 78.2210.00,,,,20:54.3,->,,01:30.5,78.22
17:20:54.393 -> 78.2210.00,,,,20:54.4,->,,01:30.6,78.22
17:20:54.488 -> 78.2209.00,,,,20:54.5,->,,01:30.7,78.22
17:20:54.583 -> 76.2210.00,,,,20:54.6,->,,01:30.8,76.22
17:20:54.678 -> 78.2209.00,,,,20:54.7,->,,01:30.9,78.22
17:20:54.773 -> 76.2209.00,,,,20:54.8,->,,01:31.0,76.22
17:20:54.867 -> 76.2211.00,,,,20:54.9,->,,01:31.1,76.22
17:20:54.962 -> 80.1209.00,,,,20:55.0,->,,01:31.2,80.12
17:20:55.105 -> 76.2210.00,,,,20:55.1,->,,01:31.3,76.22
17:20:55.200 -> 78.2209.00,,,,20:55.2,->,,01:31.4,78.22
17:20:55.295 -> 76.2209.00,,,,20:55.3,->,,01:31.5,76.22
17:20:55.392 -> 76.2210.00,,,,20:55.4,->,,01:31.6,76.22
17:20:55.486 -> 78.2211.00,,,,20:55.5,->,,01:31.7,78.22
17:20:55.580 -> 80.1210.00,,,,20:55.6,->,,01:31.8,80.12
17:20:55.675 -> 78.2211.00,,,,20:55.7,->,,01:31.9,78.22
17:20:55.770 -> 80.1211.00,,,,20:55.8,->,,01:32.0,80.12
17:20:55.912 -> 80.1212.00,,,,20:55.9,->,,01:32.1,80.12
17:20:56.008 -> 82.1211.00,,,,20:56.0,->,,01:32.2,82.12
17:20:56.103 -> 80.1211.00,,,,20:56.1,->,,01:32.3,80.12
17:20:56.198 -> 80.1211.00,,,,20:56.2,->,,01:32.4,80.12
17:20:56.293 -> 80.1210.00,,,,20:56.3,->,,01:32.5,80.12
17:20:56.388 -> 78.2209.00,,,,20:56.4,->,,01:32.6,78.22
17:20:56.483 -> 76.2209.00,,,,20:56.5,->,,01:32.7,76.22
17:20:56.625 -> 76.2209.00,,,,20:56.6,->,,01:32.8,76.22
17:20:56.719 -> 76.2210.00,,,,20:56.7,->,,01:32.9,76.22
17:20:56.828 -> 78.2209.00,,,,20:56.8,->,,01:33.0,78.22
17:20:56.907 -> 76.2210.00,,,,20:56.9,->,,01:33.1,76.22
17:20:57.000 -> 78.2210.00,,,,20:57.0,->,,01:33.2,78.22
17:20:57.095 -> 78.2209.00,,,,20:57.1,->,,01:33.3,78.22
17:20:57.191 -> 76.2209.00,,,,20:57.2,->,,01:33.4,76.22
17:20:57.302 -> 76.2209.00,,,,20:57.3,->,,01:33.5,76.22
17:20:57.396 -> 76.2209.00,,,,20:57.4,->,,01:33.6,76.22
17:20:57.492 -> 76.2209.00,,,,20:57.5,->,,01:33.7,76.22
17:20:57.587 -> 76.2209.00,,,,20:57.6,->,,01:33.8,76.22
17:20:57.731 -> 76.2210.00,,,,20:57.7,->,,01:33.9,76.22
17:20:57.825 -> 78.2209.00,,,,20:57.8,->,,01:34.0,78.22
17:20:57.920 -> 76.2210.00,,,,20:57.9,->,,01:34.1,76.22
17:20:58.016 -> 78.2210.00,,,,20:58.0,->,,01:34.2,78.22
17:20:58.110 -> 78.2209.00,,,,20:58.1,->,,01:34.3,78.22
17:20:58.190 -> 76.2210.00,,,,20:58.2,->,,01:34.4,76.22
17:20:58.334 -> 78.2210.00,,,,20:58.3,->,,01:34.5,78.22
17:20:58.429 -> 78.2210.00,,,,20:58.4,->,,01:34.6,78.22
17:20:58.525 -> 78.2211.00,,,,20:58.5,->,,01:34.7,78.22
17:20:58.619 -> 80.1211.00,,,,20:58.6,->,,01:34.8,80.12
17:20:58.714 -> 80.1211.00,,,,20:58.7,->,,01:34.9,80.12
17:20:58.855 -> 80.1210.00,,,,20:58.9,->,,01:35.0,80.12
17:20:58.903 -> 78.2211.00,,,,20:58.9,->,,01:35.1,78.22
17:20:59.045 -> 80.1210.00,,,,20:59.0,->,,01:35.2,80.12
17:20:59.141 -> 78.2210.00,,,,20:59.1,->,,01:35.3,78.22
17:20:59.237 -> 78.2210.00,,,,20:59.2,->,,01:35.4,78.22
17:20:59.332 -> 78.2209.00,,,,20:59.3,->,,01:35.5,78.22
17:20:59.428 -> 76.2210.00,,,,20:59.4,->,,01:35.6,76.22
17:20:59.523 -> 78.2210.00,,,,20:59.5,->,,01:35.7,78.22
17:20:59.620 -> 78.2209.00,,,,20:59.6,->,,01:35.8,78.22
17:20:59.714 -> 76.2209.00,,,,20:59.7,->,,01:35.9,76.22
17:20:59.856 -> 76.2210.00,,,,20:59.9,->,,01:36.0,76.22
17:20:59.951 -> 78.2211.00,,,,21:00.0,->,,01:36.1,78.22
17:21:00.048 -> 80.1210.00,,,,21:00.0,->,,01:36.2,80.12
17:21:00.144 -> 78.2210.00,,,,21:00.1,->,,01:36.3,78.22
17:21:00.239 -> 78.2210.00,,,,21:00.2,->,,01:36.4,78.22
17:21:00.334 -> 78.2209.00,,,,21:00.3,->,,01:36.5,78.22
17:21:00.429 -> 76.2209.00,,,,21:00.4,->,,01:36.6,76.22
17:21:00.526 -> 76.2210.00,,,,21:00.5,->,,01:36.7,76.22
17:21:00.621 -> 78.2209.00,,,,21:00.6,->,,01:36.8,78.22
17:21:00.717 -> 76.2209.00,,,,21:00.7,->,,01:36.9,76.22
17:21:00.860 -> 76.2209.00,,,,21:00.9,->,,01:37.0,76.22
17:21:00.955 -> 76.2209.00,,,,21:01.0,->,,01:37.1,76.22
17:21:01.049 -> 76.2210.00,,,,21:01.0,->,,01:37.2,76.22
17:21:01.143 -> 78.2209.00,,,,21:01.1,->,,01:37.3,78.22
17:21:01.238 -> 76.2209.00,,,,21:01.2,->,,01:37.4,76.22
17:21:01.334 -> 76.2210.00,,,,21:01.3,->,,01:37.5,76.22
17:21:01.429 -> 78.2210.00,,,,21:01.4,->,,01:37.6,78.22
17:21:01.524 -> 78.2210.00,,,,21:01.5,->,,01:37.7,78.22
17:21:01.651 -> 78.2211.00,,,,21:01.7,->,,01:37.8,78.22
17:21:01.746 -> 80.1211.00,,,,21:01.7,->,,01:37.9,80.12
17:21:01.840 -> 80.1211.00,,,,21:01.8,->,,01:38.0,80.12
17:21:01.935 -> 80.1211.00,,,,21:01.9,->,,01:38.1,80.12
17:21:02.030 -> 80.1211.00,,,,21:02.0,->,,01:38.2,80.12
17:21:02.172 -> 80.1210.00,,,,21:02.2,->,,01:38.3,80.12
17:21:02.267 -> 78.2209.00,,,,21:02.3,->,,01:38.4,78.22
17:21:02.362 -> 76.2209.00,,,,21:02.4,->,,01:38.5,76.22
17:21:02.457 -> 76.2209.00,,,,21:02.5,->,,01:38.6,76.22
17:21:02.552 -> 76.2210.00,,,,21:02.6,->,,01:38.7,76.22
17:21:02.647 -> 78.2209.00,,,,21:02.6,->,,01:38.8,78.22
17:21:02.741 -> 76.2210.00,,,,21:02.7,->,,01:38.9,76.22
17:21:02.869 -> 78.2210.00,,,,21:02.9,->,,01:39.0,78.22
17:21:02.963 -> 78.2210.00,,,,21:03.0,->,,01:39.1,78.22
17:21:03.058 -> 78.2210.00,,,,21:03.1,->,,01:39.2,78.22
17:21:03.153 -> 78.2210.00,,,,21:03.2,->,,01:39.3,78.22
17:21:03.247 -> 78.2210.00,,,,21:03.2,->,,01:39.4,78.22
17:21:03.343 -> 78.2210.00,,,,21:03.3,->,,01:39.5,78.22
17:21:03.485 -> 78.2210.00,,,,21:03.5,->,,01:39.6,78.22
17:21:03.580 -> 78.2209.00,,,,21:03.6,->,,01:39.7,78.22
17:21:03.674 -> 76.2209.00,,,,21:03.7,->,,01:39.8,76.22
17:21:03.774 -> 76.2209.00,,,,21:03.8,->,,01:39.9,76.22
17:21:03.865 -> 76.2210.00,,,,21:03.9,->,,01:40.0,76.22
17:21:03.960 -> 78.2211.00,,,,21:04.0,->,,01:40.1,78.22
17:21:04.054 -> 80.1210.00,,,,21:04.1,->,,01:40.2,80.12
17:21:04.196 -> 78.2211.00,,,,21:04.2,->,,01:40.3,78.22
17:21:04.292 -> 80.1212.00,,,,21:04.3,->,,01:40.4,80.12
17:21:04.385 -> 82.1211.00,,,,21:04.4,->,,01:40.5,82.12
17:21:04.481 -> 80.1211.00,,,,21:04.5,->,,01:40.6,80.12
17:21:04.576 -> 80.1209.00,,,,21:04.6,->,,01:40.7,80.12
17:21:04.671 -> 76.2207.00,,,,21:04.7,->,,01:40.8,76.22
17:21:04.768 -> 72.3207.00,,,,21:04.8,->,,01:40.9,72.32
17:21:04.878 -> 72.3208.00,,,,21:04.9,->,,01:41.0,72.32
17:21:05.004 -> 74.3209.00,,,,21:05.0,->,,01:41.1,74.32
17:21:05.099 -> 76.2210.00,,,,21:05.1,->,,01:41.2,76.22
17:21:05.194 -> 78.2210.00,,,,21:05.2,->,,01:41.3,78.22
17:21:05.305 -> 78.2210.00,,,,21:05.3,->,,01:41.4,78.22
17:21:05.398 -> 78.2210.00,,,,21:05.4,->,,01:41.5,78.22
17:21:05.493 -> 78.2210.00,,,,21:05.5,->,,01:41.6,78.22
17:21:05.587 -> 78.2211.00,,,,21:05.6,->,,01:41.7,78.22
17:21:05.684 -> 80.1210.00,,,,21:05.7,->,,01:41.8,80.12
17:21:05.777 -> 78.2210.00,,,,21:05.8,->,,01:41.9,78.22
17:21:05.872 -> 78.2210.00,,,,21:05.9,->,,01:42.0,78.22
17:21:06.014 -> 78.2210.00,,,,21:06.0,->,,01:42.1,78.22
17:21:06.109 -> 78.2210.00,,,,21:06.1,->,,01:42.2,78.22
17:21:06.204 -> 78.2209.00,,,,21:06.2,->,,01:42.3,78.22
17:21:06.298 -> 76.2210.00,,,,21:06.3,->,,01:42.4,76.22
17:21:06.394 -> 78.2210.00,,,,21:06.4,->,,01:42.5,78.22
17:21:06.488 -> 78.2210.00,,,,21:06.5,->,,01:42.6,78.22
17:21:06.584 -> 78.2210.00,,,,21:06.6,->,,01:42.7,78.22
17:21:06.695 -> 78.2211.00,,,,21:06.7,->,,01:42.8,78.22
17:21:06.790 -> 80.1211.00,,,,21:06.8,->,,01:42.9,80.12
17:21:06.885 -> 80.1210.00,,,,21:06.9,->,,01:43.0,80.12
17:21:06.997 -> 78.2211.00,,,,21:07.0,->,,01:43.1,78.22
17:21:07.092 -> 80.1211.00,,,,21:07.1,->,,01:43.2,80.12
17:21:07.184 -> 80.1211.00,,,,21:07.2,->,,01:43.3,80.12
17:21:07.325 -> 80.1211.00,,,,21:07.3,->,,01:43.4,80.12
17:21:07.420 -> 80.1211.00,,,,21:07.4,->,,01:43.5,80.12
17:21:07.514 -> 80.1211.00,,,,21:07.5,->,,01:43.6,80.12
17:21:07.624 -> 80.1209.00,,,,21:07.6,->,,01:43.7,80.12
17:21:07.719 -> 76.2208.00,,,,21:07.7,->,,01:43.8,76.22
17:21:07.814 -> 74.3210.00,,,,21:07.8,->,,01:43.9,74.32
17:21:07.909 -> 78.2210.00,,,,21:07.9,->,,01:44.0,78.22
17:21:08.003 -> 78.2210.00,,,,21:08.0,->,,01:44.1,78.22
17:21:08.098 -> 78.2211.00,,,,21:08.1,->,,01:44.2,78.22
17:21:08.192 -> 80.1210.00,,,,21:08.2,->,,01:44.3,80.12
17:21:08.340 -> 78.2209.00,,,,21:08.3,->,,01:44.4,78.22
17:21:08.428 -> 76.2210.00,,,,21:08.4,->,,01:44.5,76.22
17:21:08.528 -> 78.2210.00,,,,21:08.5,->,,01:44.6,78.22
17:21:08.616 -> 78.2209.00,,,,21:08.6,->,,01:44.7,78.22
17:21:08.711 -> 76.2210.00,,,,21:08.7,->,,01:44.8,76.22
17:21:08.806 -> 78.2209.00,,,,21:08.8,->,,01:44.9,78.22
17:21:08.900 -> 76.2209.00,,,,21:08.9,->,,01:45.0,76.22
17:21:09.043 -> 76.2209.00,,,,21:09.0,->,,01:45.1,76.22
17:21:09.137 -> 76.2210.00,,,,21:09.1,->,,01:45.2,76.22
17:21:09.230 -> 78.2211.00,,,,21:09.2,->,,01:45.3,78.22
17:21:09.324 -> 80.1209.00,,,,21:09.3,->,,01:45.4,80.12
17:21:09.418 -> 76.2210.00,,,,21:09.4,->,,01:45.5,76.22
17:21:09.513 -> 78.2211.00,,,,21:09.5,->,,01:45.6,78.22
17:21:09.608 -> 80.1210.00,,,,21:09.6,->,,01:45.7,80.12
17:21:09.735 -> 78.2211.00,,,,21:09.7,->,,01:45.8,78.22
17:21:09.831 -> 80.1210.00,,,,21:09.8,->,,01:45.9,80.12
17:21:09.927 -> 78.2210.00,,,,21:09.9,->,,01:46.0,78.22
17:21:10.022 -> 78.2210.00,,,,21:10.0,->,,01:46.1,78.22
17:21:10.117 -> 78.2211.00,,,,21:10.1,->,,01:46.2,78.22
17:21:10.213 -> 80.1209.00,,,,21:10.2,->,,01:46.3,80.12
17:21:10.354 -> 76.2210.00,,,,21:10.4,->,,01:46.4,76.22
17:21:10.450 -> 78.2210.00,,,,21:10.4,->,,01:46.5,78.22
17:21:10.546 -> 78.2210.00,,,,21:10.5,->,,01:46.6,78.22
17:21:10.642 -> 78.2211.00,,,,21:10.6,->,,01:46.7,78.22
17:21:10.737 -> 80.1210.00,,,,21:10.7,->,,01:46.8,80.12
17:21:10.841 -> 78.2210.00,,,,21:10.8,->,,01:46.9,78.22
17:21:10.927 -> 78.2210.00,,,,21:10.9,->,,01:47.0,78.22
17:21:11.038 -> 78.2210.00,,,,21:11.0,->,,01:47.1,78.22
17:21:11.135 -> 78.2210.00,,,,21:11.1,->,,01:47.2,78.22
17:21:11.228 -> 78.2210.00,,,,21:11.2,->,,01:47.3,78.22
17:21:11.370 -> 78.2209.00,,,,21:11.4,->,,01:47.4,78.22
17:21:11.465 -> 76.2209.00,,,,21:11.5,->,,01:47.5,76.22
17:21:11.522 -> 76.2210.00,,,,21:11.5,->,,01:47.6,76.22
17:21:11.655 -> 78.2209.00,,,,21:11.7,->,,01:47.7,78.22
17:21:11.734 -> 76.2209.00,,,,21:11.7,->,,01:47.8,76.22
17:21:11.829 -> 76.2208.00,,,,21:11.8,->,,01:47.9,76.22
17:21:11.972 -> 74.3208.00,,,,21:12.0,->,,01:48.0,74.32
17:21:12.068 -> 74.3208.00,,,,21:12.1,->,,01:48.1,74.32
17:21:12.163 -> 74.3209.00,,,,21:12.2,->,,01:48.2,74.32
17:21:12.259 -> 76.2209.00,,,,21:12.3,->,,01:48.3,76.22
17:21:12.354 -> 76.2211.00,,,,21:12.4,->,,01:48.4,76.22
17:21:12.451 -> 80.1210.00,,,,21:12.5,->,,01:48.5,80.12
17:21:12.577 -> 78.2210.00,,,,21:12.6,->,,01:48.6,78.22
17:21:12.672 -> 78.2211.00,,,,21:12.7,->,,01:48.7,78.22
17:21:12.767 -> 80.1210.00,,,,21:12.8,->,,01:48.8,80.12
17:21:12.861 -> 78.2210.00,,,,21:12.9,->,,01:48.9,78.22
17:21:12.956 -> 78.2210.00,,,,21:13.0,->,,01:49.0,78.22
17:21:13.051 -> 78.2211.00,,,,21:13.1,->,,01:49.1,78.22
17:21:13.146 -> 80.1210.00,,,,21:13.1,->,,01:49.2,80.12
17:21:13.240 -> 78.2210.00,,,,21:13.2,->,,01:49.3,78.22
17:21:13.382 -> 78.2210.00,,,,21:13.4,->,,01:49.4,78.22
17:21:13.445 -> 78.2210.00,,,,21:13.4,->,,01:49.5,78.22
17:21:13.587 -> 78.2210.00,,,,21:13.6,->,,01:49.6,78.22
17:21:13.682 -> 78.2210.00,,,,21:13.7,->,,01:49.7,78.22
17:21:13.778 -> 78.2210.00,,,,21:13.8,->,,01:49.8,78.22
17:21:13.873 -> 78.2210.00,,,,21:13.9,->,,01:49.9,78.22
17:21:13.968 -> 78.2210.00,,,,21:14.0,->,,01:50.0,78.22
17:21:14.063 -> 78.2211.00,,,,21:14.1,->,,01:50.1,78.22
17:21:14.158 -> 80.1210.00,,,,21:14.2,->,,01:50.2,80.12
17:21:14.301 -> 78.2210.00,,,,21:14.3,->,,01:50.3,78.22
17:21:14.395 -> 78.2209.00,,,,21:14.4,->,,01:50.4,78.22
17:21:14.490 -> 76.2209.00,,,,21:14.5,->,,01:50.5,76.22
17:21:14.589 -> 76.2209.00,,,,21:14.6,->,,01:50.6,76.22
17:21:14.681 -> 76.2208.00,,,,21:14.7,->,,01:50.7,76.22
17:21:14.776 -> 74.3209.00,,,,21:14.8,->,,01:50.8,74.32
17:21:14.872 -> 76.2209.00,,,,21:14.9,->,,01:50.9,76.22
17:21:14.967 -> 76.2209.00,,,,21:15.0,->,,01:51.0,76.22
17:21:15.062 -> 76.2209.00,,,,21:15.1,->,,01:51.1,76.22
17:21:15.205 -> 76.2210.00,,,,21:15.2,->,,01:51.2,76.22
17:21:15.299 -> 78.2210.00,,,,21:15.3,->,,01:51.3,78.22
17:21:15.393 -> 78.2209.00,,,,21:15.4,->,,01:51.4,78.22
17:21:15.487 -> 76.2209.00,,,,21:15.5,->,,01:51.5,76.22
17:21:15.581 -> 76.2210.00,,,,21:15.6,->,,01:51.6,76.22
17:21:15.675 -> 78.2210.00,,,,21:15.7,->,,01:51.7,78.22
17:21:15.769 -> 78.2209.00,,,,21:15.8,->,,01:51.8,78.22
17:21:15.864 -> 76.2210.00,,,,21:15.9,->,,01:51.9,76.22
17:21:16.007 -> 78.2210.00,,,,21:16.0,->,,01:52.0,78.22
17:21:16.102 -> 78.2210.00,,,,21:16.1,->,,01:52.1,78.22
17:21:16.199 -> 78.2211.00,,,,21:16.2,->,,01:52.2,78.22
17:21:16.292 -> 80.1211.00,,,,21:16.3,->,,01:52.3,80.12
17:21:16.370 -> 80.1210.00,,,,21:16.4,->,,01:52.4,80.12
17:21:16.512 -> 78.2210.00,,,,21:16.5,->,,01:52.5,78.22
17:21:16.606 -> 78.2210.00,,,,21:16.6,->,,01:52.6,78.22
17:21:16.701 -> 78.2210.00,,,,21:16.7,->,,01:52.7,78.22
17:21:16.796 -> 78.2210.00,,,,21:16.8,->,,01:52.8,78.22
17:21:16.890 -> 78.2211.00,,,,21:16.9,->,,01:52.9,78.22
17:21:16.985 -> 80.1211.00,,,,21:17.0,->,,01:53.0,80.12
17:21:17.079 -> 80.1210.00,,,,21:17.1,->,,01:53.1,80.12
17:21:17.221 -> 78.2209.00,,,,21:17.2,->,,01:53.2,78.22
17:21:17.316 -> 76.2208.00,,,,21:17.3,->,,01:53.3,76.22
17:21:17.410 -> 74.3206.00,,,,21:17.4,->,,01:53.4,74.32
17:21:17.504 -> 70.3205.00,,,,21:17.5,->,,01:53.5,70.32
17:21:17.599 -> 68.4206.00,,,,21:17.6,->,,01:53.6,68.42
17:21:17.698 -> 70.3208.00,,,,21:17.7,->,,01:53.7,70.32
17:21:17.790 -> 74.3207.00,,,,21:17.8,->,,01:53.8,74.32
17:21:17.931 -> 72.3208.00,,,,21:17.9,->,,01:53.9,72.32
17:21:18.025 -> 74.3210.00,,,,21:18.0,->,,01:54.0,74.32
17:21:18.120 -> 78.2209.00,,,,21:18.1,->,,01:54.1,78.22
17:21:18.214 -> 76.2211.00,,,,21:18.2,->,,01:54.2,76.22
17:21:18.309 -> 80.1211.00,,,,21:18.3,->,,01:54.3,80.12
17:21:18.404 -> 80.1211.00,,,,21:18.4,->,,01:54.4,80.12
17:21:18.498 -> 80.1211.00,,,,21:18.5,->,,01:54.5,80.12
17:21:18.625 -> 80.1211.00,,,,21:18.6,->,,01:54.6,80.12
17:21:18.720 -> 80.1211.00,,,,21:18.7,->,,01:54.7,80.12
17:21:18.800 -> 80.1211.00,,,,21:18.8,->,,01:54.8,80.12
17:21:18.943 -> 80.1210.00,,,,21:18.9,->,,01:54.9,80.12
17:21:19.037 -> 78.2210.00,,,,21:19.0,->,,01:55.0,78.22
17:21:19.132 -> 78.2210.00,,,,21:19.1,->,,01:55.1,78.22
17:21:19.227 -> 78.2210.00,,,,21:19.2,->,,01:55.2,78.22
17:21:19.326 -> 78.2210.00,,,,21:19.3,->,,01:55.3,78.22
17:21:19.418 -> 78.2211.00,,,,21:19.4,->,,01:55.4,78.22
17:21:19.512 -> 80.1211.00,,,,21:19.5,->,,01:55.5,80.12
17:21:19.608 -> 80.1209.00,,,,21:19.6,->,,01:55.6,80.12
17:21:19.703 -> 76.2211.00,,,,21:19.7,->,,01:55.7,76.22
17:21:19.846 -> 80.1210.00,,,,21:19.8,->,,01:55.8,80.12
17:21:19.940 -> 78.2210.00,,,,21:19.9,->,,01:55.9,78.22
17:21:20.035 -> 78.2210.00,,,,21:20.0,->,,01:56.0,78.22
17:21:20.129 -> 78.2210.00,,,,21:20.1,->,,01:56.1,78.22
17:21:20.256 -> 78.2210.00,,,,21:20.3,->,,01:56.2,78.22
17:21:20.351 -> 78.2209.00,,,,21:20.4,->,,01:56.3,78.22
17:21:20.445 -> 76.2210.00,,,,21:20.4,->,,01:56.4,76.22
17:21:20.543 -> 78.2208.00,,,,21:20.5,->,,01:56.5,78.22
17:21:20.636 -> 74.3209.00,,,,21:20.6,->,,01:56.6,74.32
17:21:20.731 -> 76.2210.00,,,,21:20.7,->,,01:56.7,76.22
17:21:20.826 -> 78.2210.00,,,,21:20.8,->,,01:56.8,78.22
17:21:20.920 -> 78.2211.00,,,,21:20.9,->,,01:56.9,78.22
17:21:21.016 -> 80.1210.00,,,,21:21.0,->,,01:57.0,80.12
17:21:21.112 -> 78.2211.00,,,,21:21.1,->,,01:57.1,78.22
17:21:21.255 -> 80.1210.00,,,,21:21.3,->,,01:57.2,80.12
17:21:21.349 -> 78.2211.00,,,,21:21.3,->,,01:57.3,78.22
17:21:21.429 -> 80.1211.00,,,,21:21.4,->,,01:57.4,80.12
17:21:21.523 -> 80.1210.00,,,,21:21.5,->,,01:57.5,80.12
17:21:21.649 -> 78.2210.00,,,,21:21.6,->,,01:57.6,78.22
17:21:21.746 -> 78.2210.00,,,,21:21.7,->,,01:57.7,78.22
17:21:21.840 -> 78.2210.00,,,,21:21.8,->,,01:57.8,78.22
17:21:21.968 -> 78.2210.00,,,,21:22.0,->,,01:57.9,78.22
17:21:22.063 -> 78.2210.00,,,,21:22.1,->,,01:58.0,78.22
17:21:22.159 -> 78.2210.00,,,,21:22.2,->,,01:58.1,78.22
17:21:22.254 -> 78.2210.00,,,,21:22.3,->,,01:58.2,78.22
17:21:22.349 -> 78.2209.00,,,,21:22.3,->,,01:58.3,78.22
17:21:22.444 -> 76.2209.00,,,,21:22.4,->,,01:58.4,76.22
17:21:22.538 -> 76.2210.00,,,,21:22.5,->,,01:58.5,76.22
17:21:22.634 -> 78.2210.00,,,,21:22.6,->,,01:58.6,78.22
17:21:22.776 -> 78.2210.00,,,,21:22.8,->,,01:58.7,78.22
17:21:22.870 -> 78.2209.00,,,,21:22.9,->,,01:58.8,78.22
17:21:22.964 -> 76.2210.00,,,,21:23.0,->,,01:58.9,76.22
17:21:23.059 -> 78.2209.00,,,,21:23.1,->,,01:59.0,78.22
17:21:23.154 -> 76.2209.00,,,,21:23.2,->,,01:59.1,76.22
17:21:23.249 -> 76.2209.00,,,,21:23.2,->,,01:59.2,76.22
17:21:23.344 -> 76.2209.00,,,,21:23.3,->,,01:59.3,76.22
17:21:23.471 -> 76.2209.00,,,,21:23.5,->,,01:59.4,76.22
17:21:23.567 -> 76.2209.00,,,,21:23.6,->,,01:59.5,76.22
17:21:23.662 -> 76.2210.00,,,,21:23.7,->,,01:59.6,76.22
17:21:23.773 -> 78.2210.00,,,,21:23.8,->,,01:59.7,78.22
17:21:23.867 -> 78.2210.00,,,,21:23.9,->,,01:59.8,78.22
17:21:23.963 -> 78.2209.00,,,,21:24.0,->,,01:59.9,78.22
17:21:24.057 -> 76.2210.00,,,,21:24.1,->,,02:00.0,76.22
17:21:24.154 -> 78.2210.00,,,,21:24.2,->,,02:00.1,78.22
17:21:24.296 -> 78.2210.00,,,,21:24.3,->,,02:00.2,78.22
17:21:24.391 -> 78.2211.00,,,,21:24.4,->,,02:00.3,78.22
17:21:24.486 -> 80.1211.00,,,,21:24.5,->,,02:00.4,80.12
17:21:24.571 -> 80.1210.00,,,,21:24.6,->,,02:00.5,80.12
17:21:24.664 -> 78.2211.00,,,,21:24.7,->,,02:00.6,78.22
17:21:24.757 -> 80.1210.00,,,,21:24.8,->,,02:00.7,80.12
17:21:24.898 -> 78.2210.00,,,,21:24.9,->,,02:00.8,78.22
17:21:24.993 -> 78.2210.00,,,,21:25.0,->,,02:00.9,78.22
17:21:25.089 -> 78.2209.00,,,,21:25.1,->,,02:01.0,78.22
17:21:25.184 -> 76.2209.00,,,,21:25.2,->,,02:01.1,76.22
17:21:25.280 -> 76.2210.00,,,,21:25.3,->,,02:01.2,76.22
17:21:25.374 -> 78.2210.00,,,,21:25.4,->,,02:01.3,78.22
17:21:25.470 -> 78.2210.00,,,,21:25.5,->,,02:01.4,78.22
17:21:25.598 -> 78.2210.00,,,,21:25.6,->,,02:01.5,78.22
17:21:25.679 -> 78.2210.00,,,,21:25.7,->,,02:01.6,78.22
17:21:25.774 -> 78.2210.00,,,,21:25.8,->,,02:01.7,78.22
17:21:25.869 -> 78.2210.00,,,,21:25.9,->,,02:01.8,78.22
17:21:26.013 -> 78.2210.00,,,,21:26.0,->,,02:01.9,78.22
17:21:26.108 -> 78.2210.00,,,,21:26.1,->,,02:02.0,78.22
17:21:26.207 -> 78.2209.00,,,,21:26.2,->,,02:02.1,78.22
17:21:26.299 -> 76.2209.00,,,,21:26.3,->,,02:02.2,76.22
17:21:26.394 -> 76.2210.00,,,,21:26.4,->,,02:02.3,76.22
17:21:26.474 -> 78.2210.00,,,,21:26.5,->,,02:02.4,78.22
17:21:26.617 -> 78.2210.00,,,,21:26.6,->,,02:02.5,78.22
17:21:26.711 -> 78.2210.00,,,,21:26.7,->,,02:02.6,78.22
17:21:26.806 -> 78.2210.00,,,,21:26.8,->,,02:02.7,78.22
17:21:26.901 -> 78.2210.00,,,,21:26.9,->,,02:02.8,78.22
17:21:26.997 -> 78.2210.00,,,,21:27.0,->,,02:02.9,78.22
17:21:27.077 -> 78.2211.00,,,,21:27.1,->,,02:03.0,78.22
17:21:27.205 -> 80.1211.00,,,,21:27.2,->,,02:03.1,80.12
17:21:27.301 -> 80.1211.00,,,,21:27.3,->,,02:03.2,80.12
17:21:27.395 -> 80.1210.00,,,,21:27.4,->,,02:03.3,80.12
17:21:27.494 -> 78.2211.00,,,,21:27.5,->,,02:03.4,78.22
17:21:27.586 -> 80.1211.00,,,,21:27.6,->,,02:03.5,80.12
17:21:27.730 -> 80.1210.00,,,,21:27.7,->,,02:03.6,80.12
17:21:27.825 -> 78.2211.00,,,,21:27.8,->,,02:03.7,78.22
17:21:27.919 -> 80.1210.00,,,,21:27.9,->,,02:03.8,80.12
17:21:28.014 -> 78.2210.00,,,,21:28.0,->,,02:03.9,78.22
17:21:28.095 -> 78.2210.00,,,,21:28.1,->,,02:04.0,78.22
17:21:28.191 -> 78.2210.00,,,,21:28.2,->,,02:04.1,78.22
17:21:28.332 -> 78.2211.00,,,,21:28.3,->,,02:04.2,78.22
17:21:28.428 -> 80.1210.00,,,,21:28.4,->,,02:04.3,80.12
17:21:28.521 -> 78.2210.00,,,,21:28.5,->,,02:04.4,78.22
17:21:28.618 -> 78.2211.00,,,,21:28.6,->,,02:04.5,78.22
17:21:28.701 -> 80.1210.00,,,,21:28.7,->,,02:04.6,80.12
17:21:28.794 -> 78.2209.00,,,,21:28.8,->,,02:04.7,78.22
17:21:28.938 -> 76.2209.00,,,,21:28.9,->,,02:04.8,76.22
17:21:29.032 -> 76.2209.00,,,,21:29.0,->,,02:04.9,76.22
17:21:29.126 -> 76.2210.00,,,,21:29.1,->,,02:05.0,76.22
17:21:29.220 -> 78.2210.00,,,,21:29.2,->,,02:05.1,78.22
17:21:29.319 -> 78.2210.00,,,,21:29.3,->,,02:05.2,78.22
17:21:29.411 -> 78.2209.00,,,,21:29.4,->,,02:05.3,78.22
17:21:29.508 -> 76.2210.00,,,,21:29.5,->,,02:05.4,76.22
17:21:29.601 -> 78.2210.00,,,,21:29.6,->,,02:05.5,78.22
17:21:29.729 -> 78.2210.00,,,,21:29.7,->,,02:05.6,78.22
17:21:29.824 -> 78.2210.00,,,,21:29.8,->,,02:05.7,78.22
17:21:29.919 -> 78.2210.00,,,,21:29.9,->,,02:05.8,78.22
17:21:30.013 -> 78.2211.00,,,,21:30.0,->,,02:05.9,78.22
17:21:30.109 -> 80.1212.00,,,,21:30.1,->,,02:06.0,80.12
17:21:30.206 -> 82.1212.00,,,,21:30.2,->,,02:06.1,82.12
17:21:30.360 -> 82.1212.00,,,,21:30.4,->,,02:06.2,82.12
17:21:30.443 -> 82.1211.00,,,,21:30.4,->,,02:06.3,82.12
17:21:30.538 -> 80.1210.00,,,,21:30.5,->,,02:06.4,80.12
17:21:30.633 -> 78.2210.00,,,,21:30.6,->,,02:06.5,78.22
17:21:30.729 -> 78.2210.00,,,,21:30.7,->,,02:06.6,78.22
17:21:30.823 -> 78.2210.00,,,,21:30.8,->,,02:06.7,78.22
17:21:30.918 -> 78.2210.00,,,,21:30.9,->,,02:06.8,78.22
17:21:31.065 -> 78.2210.00,,,,21:31.1,->,,02:06.9,78.22
17:21:31.157 -> 78.2210.00,,,,21:31.2,->,,02:07.0,78.22
17:21:31.252 -> 78.2211.00,,,,21:31.3,->,,02:07.1,78.22
17:21:31.347 -> 80.1211.00,,,,21:31.3,->,,02:07.2,80.12
17:21:31.443 -> 80.1210.00,,,,21:31.4,->,,02:07.3,80.12
17:21:31.538 -> 78.2210.00,,,,21:31.5,->,,02:07.4,78.22
17:21:31.633 -> 78.2211.00,,,,21:31.6,->,,02:07.5,78.22
17:21:31.727 -> 80.1211.00,,,,21:31.7,->,,02:07.6,80.12
17:21:31.869 -> 80.1209.00,,,,21:31.9,->,,02:07.7,80.12
17:21:31.963 -> 76.2209.00,,,,21:32.0,->,,02:07.8,76.22
17:21:32.059 -> 76.2209.00,,,,21:32.1,->,,02:07.9,76.22
17:21:32.153 -> 76.2208.00,,,,21:32.2,->,,02:08.0,76.22
17:21:32.249 -> 74.3209.00,,,,21:32.2,->,,02:08.1,74.32
17:21:32.361 -> 76.2210.00,,,,21:32.4,->,,02:08.2,76.22
17:21:32.456 -> 78.2210.00,,,,21:32.5,->,,02:08.3,78.22
17:21:32.550 -> 78.2210.00,,,,21:32.6,->,,02:08.4,78.22
17:21:32.646 -> 78.2211.00,,,,21:32.6,->,,02:08.5,78.22
17:21:32.740 -> 80.1211.00,,,,21:32.7,->,,02:08.6,80.12
17:21:32.835 -> 80.1211.00,,,,21:32.8,->,,02:08.7,80.12
17:21:32.979 -> 80.1211.00,,,,21:33.0,->,,02:08.8,80.12
17:21:33.059 -> 80.1212.00,,,,21:33.1,->,,02:08.9,80.12
17:21:33.153 -> 82.1212.00,,,,21:33.2,->,,02:09.0,82.12
17:21:33.249 -> 82.1211.00,,,,21:33.2,->,,02:09.1,82.12
17:21:33.377 -> 80.1210.00,,,,21:33.4,->,,02:09.2,80.12
17:21:33.440 -> 78.2210.00,,,,21:33.4,->,,02:09.3,78.22
17:21:33.544 -> 78.2210.00,,,,21:33.5,->,,02:09.4,78.22
17:21:33.677 -> 78.2211.00,,,,21:33.7,->,,02:09.5,78.22
17:21:33.772 -> 80.1210.00,,,,21:33.8,->,,02:09.6,80.12
17:21:33.866 -> 78.2211.00,,,,21:33.9,->,,02:09.7,78.22
17:21:33.977 -> 80.1210.00,,,,21:34.0,->,,02:09.8,80.12
17:21:34.072 -> 78.2210.00,,,,21:34.1,->,,02:09.9,78.22
17:21:34.167 -> 78.2210.00,,,,21:34.2,->,,02:10.0,78.22
17:21:34.250 -> 78.2210.00,,,,21:34.3,->,,02:10.1,78.22
17:21:34.388 -> 78.2209.00,,,,21:34.4,->,,02:10.2,78.22
17:21:34.450 -> 76.2210.00,,,,21:34.4,->,,02:10.3,76.22
17:21:34.602 -> 78.2210.00,,,,21:34.6,->,,02:10.4,78.22
17:21:34.657 -> 78.2209.00,,,,21:34.7,->,,02:10.5,78.22
17:21:34.798 -> 76.2209.00,,,,21:34.8,->,,02:10.6,76.22
17:21:34.894 -> 76.2209.00,,,,21:34.9,->,,02:10.7,76.22
17:21:34.990 -> 76.2209.00,,,,21:35.0,->,,02:10.8,76.22
17:21:35.090 -> 76.2209.00,,,,21:35.1,->,,02:10.9,76.22
17:21:35.182 -> 76.2210.00,,,,21:35.2,->,,02:11.0,76.22
17:21:35.262 -> 78.2210.00,,,,21:35.3,->,,02:11.1,78.22
17:21:35.405 -> 78.2210.00,,,,21:35.4,->,,02:11.2,78.22
17:21:35.500 -> 78.2211.00,,,,21:35.5,->,,02:11.3,78.22
17:21:35.595 -> 80.1211.00,,,,21:35.6,->,,02:11.4,80.12
17:21:35.664 -> 80.1211.00,,,,21:35.7,->,,02:11.5,80.12
17:21:35.803 -> 80.1211.00,,,,21:35.8,->,,02:11.6,80.12
17:21:35.896 -> 80.1211.00,,,,21:35.9,->,,02:11.7,80.12
17:21:35.976 -> 80.1210.00,,,,21:36.0,->,,02:11.8,80.12
17:21:36.072 -> 78.2210.00,,,,21:36.1,->,,02:11.9,78.22
17:21:36.199 -> 78.2209.00,,,,21:36.2,->,,02:12.0,78.22
17:21:36.295 -> 76.2208.00,,,,21:36.3,->,,02:12.1,76.22
17:21:36.405 -> 74.3209.00,,,,21:36.4,->,,02:12.2,74.32
17:21:36.500 -> 76.2210.00,,,,21:36.5,->,,02:12.3,76.22
17:21:36.599 -> 78.2210.00,,,,21:36.6,->,,02:12.4,78.22
17:21:36.690 -> 78.2210.00,,,,21:36.7,->,,02:12.5,78.22
17:21:36.784 -> 78.2210.00,,,,21:36.8,->,,02:12.6,78.22
17:21:36.879 -> 78.2211.00,,,,21:36.9,->,,02:12.7,78.22
17:21:37.006 -> 80.1211.00,,,,21:37.0,->,,02:12.8,80.12
17:21:37.085 -> 80.1210.00,,,,21:37.1,->,,02:12.9,80.12
17:21:37.196 -> 78.2210.00,,,,21:37.2,->,,02:13.0,78.22
17:21:37.290 -> 78.2210.00,,,,21:37.3,->,,02:13.1,78.22
17:21:37.384 -> 78.2208.00,,,,21:37.4,->,,02:13.2,78.22
17:21:37.526 -> 74.3208.00,,,,21:37.5,->,,02:13.3,74.32
17:21:37.574 -> 74.3208.00,,,,21:37.6,->,,02:13.4,74.32
17:21:37.716 -> 74.3207.00,,,,21:37.7,->,,02:13.5,74.32
17:21:37.810 -> 72.3207.00,,,,21:37.8,->,,02:13.6,72.32
17:21:37.904 -> 72.3208.00,,,,21:37.9,->,,02:13.7,72.32
17:21:37.999 -> 74.3208.00,,,,21:38.0,->,,02:13.8,74.32
17:21:38.094 -> 74.3210.00,,,,21:38.1,->,,02:13.9,74.32
17:21:38.189 -> 78.2210.00,,,,21:38.2,->,,02:14.0,78.22
17:21:38.330 -> 78.2210.00,,,,21:38.3,->,,02:14.1,78.22
17:21:38.424 -> 78.2210.00,,,,21:38.4,->,,02:14.2,78.22
17:21:38.486 -> 78.2209.00,,,,21:38.5,->,,02:14.3,78.22
17:21:38.627 -> 76.2210.00,,,,21:38.6,->,,02:14.4,76.22
17:21:38.721 -> 78.2210.00,,,,21:38.7,->,,02:14.5,78.22
17:21:38.816 -> 78.2211.00,,,,21:38.8,->,,02:14.6,78.22
17:21:38.909 -> 80.1,,,,21:38.9,->,,02:14.7,80.1
,,,,,,,02:14.8,
,,,,,,,02:14.9,
,,,,,,,02:15.0,
,,,,,,,02:15.1,
,,,,,,,02:15.2,
,,,,,,,02:15.3,
,,,,,,,02:15.4,
,,,,,,,02:15.5,
,,,,,,,02:15.6,
,,,,,,,02:15.7,
,,,,,,,02:15.8,
,,,,,,,02:15.9,
,,,,,,,02:16.0,
,,,,,,,02:16.1,
,,,,,,,02:16.2,
,,,,,,,02:16.3,
,,,,,,,02:16.4,
,,,,,,,02:16.5,
,,,,,,,02:16.6,
,,,,,,,02:16.7,
,,,,,,,02:16.8,
,,,,,,,02:16.9,
,,,,,,,02:17.0,
,,,,,,,02:17.1,
,,,,,,,02:17.2,
,,,,,,,02:17.3,
,,,,,,,02:17.4,
,,,,,,,02:17.5,
,,,,,,,02:17.6,
,,,,,,,02:17.7,
,,,,,,,02:17.8,
,,,,,,,02:17.9,
,,,,,,,02:18.0,
,,,,,,,02:18.1,
,,,,,,,02:18.2,
,,,,,,,02:18.3,
,,,,,,,02:18.4,
,,,,,,,02:18.5,
,,,,,,,02:18.6,
,,,,,,,02:18.7,
,,,,,,,02:18.8,
,,,,,,,02:18.9,
,,,,,,,02:19.0,
,,,,,,,02:19.1,
,,,,,,,02:19.2,
,,,,,,,02:19.3,
,,,,,,,02:19.4,
,,,,,,,02:19.5,
,,,,,,,02:19.6,
,,,,,,,02:19.7,
,,,,,,,02:19.8,
,,,,,,,02:19.9,
,,,,,,,02:20.0,
,,,,,,,02:20.1,
,,,,,,,02:20.2,
,,,,,,,02:20.3,
,,,,,,,02:20.4,
,,,,,,,02:20.5,
,,,,,,,02:20.6,
,,,,,,,02:20.7,
,,,,,,,02:20.8,
,,,,,,,02:20.9,
,,,,,,,02:21.0,
,,,,,,,02:21.1,
,,,,,,,02:21.2,
,,,,,,,02:21.3,
,,,,,,,02:21.4,
,,,,,,,02:21.5,
,,,,,,,02:21.6,
,,,,,,,02:21.7,
,,,,,,,02:21.8,
,,,,,,,02:21.9,
,,,,,,,02:22.0,
,,,,,,,02:22.1,
,,,,,,,02:22.2,
,,,,,,,02:22.3,
,,,,,,,02:22.4,
,,,,,,,02:22.5,
,,,,,,,02:22.6,
,,,,,,,02:22.7,
,,,,,,,02:22.8,
,,,,,,,02:22.9,
,,,,,,,02:23.0,
,,,,,,,02:23.1,
,,,,,,,02:23.2,
,,,,,,,02:23.3,
,,,,,,,02:23.4,
,,,,,,,02:23.5,
,,,,,,,02:23.6,
,,,,,,,02:23.7,
,,,,,,,02:23.8,
,,,,,,,02:23.9,
,,,,,,,02:24.0,
,,,,,,,02:24.1,
,,,,,,,02:24.2,
,,,,,,,02:24.3,
,,,,,,,02:24.4,
,,,,,,,02:24.5,
,,,,,,,02:24.6,
,,,,,,,02:24.7,
,,,,,,,02:24.8,
,,,,,,,02:24.9,
,,,,,,,02:25.0,
,,,,,,,02:25.1,
,,,,,,,02:25.2,
,,,,,,,02:25.3,
,,,,,,,02:25.4,
,,,,,,,02:25.5,
,,,,,,,02:25.6,
,,,,,,,02:25.7,
,,,,,,,02:25.8,
,,,,,,,02:25.9,
,,,,,,,02:26.0,
,,,,,,,02:26.1,
,,,,,,,02:26.2,
,,,,,,,02:26.3,
,,,,,,,02:26.4,
,,,,,,,02:26.5,
,,,,,,,02:26.6,
,,,,,,,02:26.7,
,,,,,,,02:26.8,
,,,,,,,02:26.9,
,,,,,,,02:27.0,
,,,,,,,02:27.1,
,,,,,,,02:27.2,
,,,,,,,02:27.3,
,,,,,,,02:27.4,
