TimeStamp_C,,,,,Value_N,Value_45,Value_60,Value_30
00:00.1,,,,,0,0,0,0
00:00.2,,,,,8.08325,0.01223,0.02235,8.05033
00:00.3,,,,,7.81066,0.01048,9.25826,9.25821
00:00.4,,,,,8.11018,0.01051,9.10092,8.59004
00:00.5,,,,,8.11018,8.30352,9.12396,8.6822
00:00.6,,,,,8.20235,8.82443,9.12396,8.65916
00:00.7,,,,,8.13323,8.77835,9.07788,8.65916
00:00.8,,,,,8.08714,8.82443,9.10092,8.70524
00:00.9,,,,,8.04106,8.84747,9.12396,8.63612
00:01.0,,,,,8.11018,8.73227,9.07788,8.567
00:01.1,,,,,8.01802,8.77835,9.147,8.70524
00:01.2,,,,,8.0641,8.75531,9.10092,8.59004
00:01.3,,,,,8.0641,8.77835,9.12396,8.59004
00:01.4,,,,,8.13323,8.75531,9.12396,8.6822
00:01.5,,,,,8.01802,8.75531,9.12396,8.63612
00:01.6,,,,,8.0641,8.84747,9.10092,8.63612
00:01.7,,,,,8.08714,8.80139,9.07788,8.63612
00:01.8,,,,,8.15627,8.75531,9.10092,8.65916
00:01.9,,,,,8.04106,8.73227,9.07788,8.59004
00:02.0,,,,,8.08714,8.75531,9.147,8.59004
00:02.1,,,,,8.08714,8.80139,9.0318,8.65916
00:02.2,,,,,8.08714,8.75531,9.10092,8.63612
00:02.3,,,,,8.0641,8.77835,9.0318,8.61308
00:02.4,,,,,8.01802,8.75531,9.00876,8.59004
00:02.5,,,,,8.11018,8.80139,9.0318,8.59004
00:02.6,,,,,8.01802,8.77835,9.0318,8.59004
00:02.7,,,,,8.04106,8.77835,9.07788,8.63612
00:02.8,,,,,8.0641,8.73227,9.07788,8.61308
00:02.9,,,,,8.01802,8.80139,9.07788,8.567
00:03.0,,,,,8.0641,8.75531,9.07788,8.61308
00:03.1,,,,,8.17931,8.73227,9.05484,8.6822
00:03.2,,,,,8.20235,8.75531,9.07788,8.61308
00:03.3,,,,,8.17931,8.77835,9.10092,8.567
00:03.4,,,,,8.27147,8.73227,9.05484,8.65916
00:03.5,,,,,8.17931,8.73227,9.10092,8.61308
00:03.6,,,,,8.15627,8.75531,9.05484,8.6822
00:03.7,,,,,8.11018,8.75531,9.10092,8.72828
00:03.8,,,,,8.0641,8.73227,9.05484,8.70524
00:03.9,,,,,8.08714,8.68619,9.07788,8.65916
00:04.0,,,,,8.04106,8.70923,9.0318,8.63612
00:04.1,,,,,8.0641,8.75531,9.07788,8.65916
00:04.2,,,,,8.0641,8.75531,9.12396,8.54396
00:04.3,,,,,8.01802,8.73227,9.07788,8.61308
00:04.4,,,,,8.04106,8.70923,9.07788,8.61308
00:04.5,,,,,8.0641,8.75531,9.00876,8.61308
00:04.6,,,,,8.08714,8.73227,9.12396,8.59004
00:04.7,,,,,8.08714,8.75531,9.05484,8.59004
00:04.8,,,,,8.04106,8.80139,9.10092,8.59004
00:04.9,,,,,8.11018,8.70923,9.05484,8.54396
00:05.0,,,,,8.04106,8.75531,9.0318,8.59004
00:05.1,,,,,7.99498,8.68619,9.07788,8.63612
00:05.2,,,,,8.08714,8.77835,9.07788,8.567
00:05.3,,,,,8.08714,8.70923,9.05484,8.567
00:05.4,,,,,8.0641,8.73227,9.05484,8.567
00:05.5,,,,,8.0641,8.77835,9.07788,8.59004
00:05.6,,,,,8.08714,8.75531,9.07788,8.61308
00:05.7,,,,,8.01802,8.73227,9.10092,8.59004
00:05.8,,,,,8.04106,8.77835,9.05484,8.567
00:05.9,,,,,8.0641,8.75531,9.0318,8.63612
00:06.0,,,,,8.0641,8.75531,9.07788,8.59004
00:06.1,,,,,7.9489,8.75531,9.0318,8.59004
00:06.2,,,,,7.9489,8.75531,9.05484,8.63612
00:06.3,,,,,7.97194,8.73227,9.0318,8.59004
00:06.4,,,,,8.04106,8.75531,9.10092,8.567
00:06.5,,,,,7.92586,8.73227,9.00876,8.567
00:06.6,,,,,7.9489,8.73227,9.07788,8.52092
00:06.7,,,,,7.99498,8.73227,9.05484,8.63612
00:06.8,,,,,7.9489,8.77835,9.00876,8.52092
00:06.9,,,,,7.99498,8.75531,9.0318,8.567
00:07.0,,,,,7.9489,8.70923,9.0318,8.59004
00:07.1,,,,,8.08714,8.70923,9.05484,8.567
00:07.2,,,,,7.97194,8.82443,9.0318,8.63612
00:07.3,,,,,7.92586,8.70923,9.05484,8.54396
00:07.4,,,,,7.97194,8.70923,9.0318,8.59004
00:07.5,,,,,7.99498,8.73227,9.05484,8.54396
00:07.6,,,,,7.9489,8.70923,9.05484,8.567
00:07.7,,,,,7.99498,8.75531,9.05484,8.61308
00:07.8,,,,,8.01802,8.75531,8.98572,8.49788
00:07.9,,,,,7.97194,8.75531,9.10092,8.54396
00:08.0,,,,,8.01802,8.70923,9.0318,8.52092
00:08.1,,,,,7.97194,8.77835,9.10092,8.59004
00:08.2,,,,,8.0641,8.70923,9.00876,8.567
00:08.3,,,,,8.0641,8.73227,9.07788,8.567
00:08.4,,,,,7.9489,8.70923,9.0318,8.59004
00:08.5,,,,,8.04106,8.73227,9.0318,8.59004
00:08.6,,,,,7.92586,8.73227,9.05484,8.54396
00:08.7,,,,,7.99498,8.82443,9.0318,8.567
00:08.8,,,,,8.04106,8.73227,9.0318,8.54396
00:08.9,,,,,8.01802,8.75531,9.05484,8.54396
00:09.0,,,,,7.9489,8.73227,9.07788,8.61308
00:09.1,,,,,7.99498,8.75531,8.98572,8.54396
00:09.2,,,,,8.01802,8.70923,9.07788,8.59004
00:09.3,,,,,7.97194,8.73227,9.05484,8.54396
00:09.4,,,,,7.97194,8.80139,9.07788,8.567
00:09.5,,,,,7.99498,8.73227,9.00876,8.567
00:09.6,,,,,7.99498,8.68619,8.98572,8.567
00:09.7,,,,,8.08714,8.68619,9.07788,8.61308
00:09.8,,,,,8.01802,8.75531,9.07788,8.6822
00:09.9,,,,,8.0641,8.64011,9.05484,8.75132
00:10.0,,,,,7.97194,8.73227,9.05484,8.6822
00:10.1,,,,,7.90282,8.75531,9.00876,8.4518
00:10.2,,,,,8.04106,8.70923,9.0318,8.52092
00:10.3,,,,,7.97194,8.68619,9.07788,8.567
00:10.4,,,,,7.99498,8.68619,9.05484,8.567
00:10.5,,,,,7.97194,8.68619,9.05484,8.61308
00:10.6,,,,,7.9489,8.66315,8.98572,8.567
00:10.7,,,,,7.99498,8.73227,9.0318,8.567
00:10.8,,,,,7.99498,8.70923,9.0318,8.61308
00:10.9,,,,,7.97194,8.70923,9.05484,8.567
00:11.0,,,,,7.99498,8.66315,9.00876,8.61308
00:11.1,,,,,7.97194,8.68619,9.0318,8.59004
00:11.2,,,,,8.01802,8.70923,9.10092,8.567
00:11.3,,,,,7.97194,8.68619,9.00876,8.61308
00:11.4,,,,,7.85674,8.73227,9.0318,8.567
00:11.5,,,,,7.90282,8.73227,9.0318,8.54396
00:11.6,,,,,8.01802,8.70923,9.0318,8.54396
00:11.7,,,,,7.99498,8.70923,8.96268,8.52092
00:11.8,,,,,7.92586,8.70923,9.0318,8.54396
00:11.9,,,,,8.04106,8.73227,9.00876,8.54396
00:12.0,,,,,7.9489,8.70923,9.19308,8.52092
00:12.1,,,,,7.97194,8.70923,9.12396,8.54396
00:12.2,,,,,7.99498,8.70923,9.17004,8.52092
00:12.3,,,,,7.92586,8.75531,9.12396,8.61308
00:12.4,,,,,7.92586,8.75531,9.17004,8.52092
00:12.5,,,,,7.99498,8.75531,9.10092,8.567
00:12.6,,,,,7.97194,8.73227,9.12396,8.52092
00:12.7,,,,,7.92586,8.75531,9.12396,8.54396
00:12.8,,,,,7.92586,8.68619,9.147,8.59004
00:12.9,,,,,7.92586,8.68619,9.12396,8.54396
00:13.0,,,,,7.97194,8.70923,9.147,8.567
00:13.1,,,,,7.92586,8.75531,9.12396,8.52092
00:13.2,,,,,7.9489,8.70923,9.19308,8.52092
00:13.3,,,,,7.9489,8.75531,9.19308,8.49788
00:13.4,,,,,8.01802,8.70923,9.147,8.52092
00:13.5,,,,,7.97194,8.73227,9.12396,8.54396
00:13.6,,,,,7.97194,8.66315,9.147,8.54396
00:13.7,,,,,8.01802,8.68619,9.10092,8.59004
00:13.8,,,,,7.97194,8.68619,9.19308,8.52092
00:13.9,,,,,7.99498,8.66315,9.147,8.49788
00:14.0,,,,,8.0641,8.66315,9.19308,8.567
00:14.1,,,,,7.99498,8.73227,9.05484,8.54396
00:14.2,,,,,7.97194,8.68619,9.147,8.52092
00:14.3,,,,,7.92586,8.66315,9.12396,8.59004
00:14.4,,,,,7.97194,8.68619,9.12396,8.567
00:14.5,,,,,7.97194,8.68619,9.12396,8.54396
00:14.6,,,,,7.97194,8.75531,9.147,8.567
00:14.7,,,,,7.9489,8.68619,9.12396,8.49788
00:14.8,,,,,7.97194,8.73227,9.10092,8.54396
00:14.9,,,,,7.90282,8.73227,9.17004,8.567
00:15.0,,,,,7.87978,8.66315,9.10092,8.59004
00:15.1,,,,,7.97194,8.70923,9.12396,8.49788
00:15.2,,,,,7.92586,8.73227,9.19308,8.49788
00:15.3,,,,,7.92586,8.75531,9.12396,8.54396
00:15.4,,,,,7.9489,8.73227,9.12396,8.52092
00:15.5,,,,,7.9489,8.66315,9.147,8.59004
00:15.6,,,,,7.97194,8.73227,9.19308,8.47484
00:15.7,,,,,7.9489,8.75531,9.10092,8.567
00:15.8,,,,,7.90282,8.68619,9.17004,8.49788
00:15.9,,,,,7.9489,8.68619,9.12396,8.54396
00:16.0,,,,,7.92586,8.70923,9.17004,8.52092
00:16.1,,,,,7.9489,8.66315,9.10092,8.52092
00:16.2,,,,,7.90282,8.70923,9.19308,8.49788
00:16.3,,,,,7.9489,8.68619,9.147,8.567
00:16.4,,,,,7.9489,8.73227,9.147,8.59004
00:16.5,,,,,7.92586,8.66315,9.10092,8.54396
00:16.6,,,,,7.92586,8.68619,9.12396,8.54396
00:16.7,,,,,8.04106,8.70923,9.12396,8.567
00:16.8,,,,,7.9489,8.70923,9.07788,8.49788
00:16.9,,,,,7.9489,8.70923,9.10092,8.52092
00:17.0,,,,,7.92586,8.70923,9.17004,8.54396
00:17.1,,,,,7.97194,8.70923,9.07788,8.49788
00:17.2,,,,,7.97194,8.70923,9.147,8.52092
00:17.3,,,,,7.92586,8.70923,9.10092,8.52092
00:17.4,,,,,7.9489,8.68619,9.12396,8.52092
00:17.5,,,,,7.92586,8.68619,9.147,8.567
00:17.6,,,,,7.9489,8.73227,9.147,8.52092
00:17.7,,,,,8.01802,8.66315,9.07788,8.54396
00:17.8,,,,,7.90282,8.68619,9.147,8.567
00:17.9,,,,,7.92586,8.70923,9.07788,8.567
00:18.0,,,,,7.9489,8.59403,9.10092,8.59004
00:18.1,,,,,7.9489,8.64011,9.07788,8.52092
00:18.2,,,,,7.9489,8.66315,9.10092,8.52092
00:18.3,,,,,7.97194,8.64011,9.10092,8.49788
00:18.4,,,,,7.99498,8.70923,9.10092,8.52092
00:18.5,,,,,7.97194,8.64011,9.12396,8.567
00:18.6,,,,,7.97194,8.75531,9.147,8.54396
00:18.7,,,,,7.99498,8.66315,9.12396,8.52092
00:18.8,,,,,7.97194,8.68619,9.10092,8.54396
00:18.9,,,,,7.90282,8.70923,9.10092,8.49788
00:19.0,,,,,7.97194,8.70923,9.147,8.52092
00:19.1,,,,,7.92586,8.66315,9.10092,8.54396
00:19.2,,,,,7.92586,8.68619,9.147,8.49788
00:19.3,,,,,7.99498,8.70923,9.19308,8.54396
00:19.4,,,,,7.92586,8.73227,9.17004,8.54396
00:19.5,,,,,7.92586,8.68619,9.17004,8.54396
00:19.6,,,,,7.99498,8.66315,9.12396,8.54396
00:19.7,,,,,7.9489,8.66315,9.07788,8.567
00:19.8,,,,,7.9489,8.73227,9.07788,8.47484
00:19.9,,,,,7.92586,8.66315,9.07788,8.52092
00:20.0,,,,,7.99498,8.70923,9.12396,8.59004
00:20.1,,,,,7.9489,8.70923,9.10092,8.49788
00:20.2,,,,,7.92586,8.77835,9.147,8.61308
00:20.3,,,,,7.97194,8.66315,9.07788,8.54396
00:20.4,,,,,7.90282,8.68619,9.147,8.47484
00:20.5,,,,,7.92586,8.70923,9.07788,8.54396
00:20.6,,,,,7.99498,8.70923,9.12396,8.61308
00:20.7,,,,,7.9489,8.61707,9.05484,8.54396
00:20.8,,,,,7.9489,8.64011,9.12396,8.52092
00:20.9,,,,,7.97194,8.70923,9.07788,8.567
00:21.0,,,,,7.99498,8.70923,9.147,8.49788
00:21.1,,,,,7.9489,8.66315,9.12396,8.49788
00:21.2,,,,,7.9489,8.68619,9.17004,8.54396
00:21.3,,,,,7.97194,8.66315,9.05484,8.52092
00:21.4,,,,,7.9489,8.68619,9.10092,8.567
00:21.5,,,,,7.97194,8.68619,9.05484,8.52092
00:21.6,,,,,7.92586,8.66315,9.147,8.52092
00:21.7,,,,,8.01802,8.68619,9.147,8.52092
00:21.8,,,,,7.97194,8.73227,9.07788,8.54396
00:21.9,,,,,7.90282,8.64011,9.07788,8.54396
00:22.0,,,,,7.97194,8.68619,9.07788,8.49788
00:22.1,,,,,7.99498,8.66315,9.12396,8.54396
00:22.2,,,,,7.9489,8.70923,9.10092,8.49788
00:22.3,,,,,7.97194,8.66315,9.10092,8.567
00:22.4,,,,,7.9489,8.68619,9.07788,8.52092
00:22.5,,,,,7.90282,8.68619,9.10092,8.49788
00:22.6,,,,,7.9489,8.66315,9.0318,8.54396
00:22.7,,,,,7.92586,8.66315,9.07788,8.49788
00:22.8,,,,,7.90282,8.68619,9.10092,8.52092
00:22.9,,,,,7.92586,8.66315,9.10092,8.49788
00:23.0,,,,,7.92586,8.61707,9.07788,8.49788
00:23.1,,,,,7.9489,8.70923,9.07788,8.54396
00:23.2,,,,,7.92586,8.66315,9.12396,8.47484
00:23.3,,,,,7.90282,8.70923,9.147,8.59004
00:23.4,,,,,8.01802,8.64011,9.07788,8.52092
00:23.5,,,,,7.90282,8.73227,9.07788,8.54396
00:23.6,,,,,7.92586,8.64011,9.10092,8.567
00:23.7,,,,,7.97194,8.70923,9.12396,8.54396
00:23.8,,,,,7.90282,8.66315,9.0318,8.54396
00:23.9,,,,,7.92586,8.66315,9.07788,8.52092
00:24.0,,,,,7.90282,8.70923,9.10092,8.65916
00:24.1,,,,,7.90282,8.61707,9.12396,8.52092
00:24.2,,,,,7.97194,8.66315,9.00876,8.54396
00:24.3,,,,,7.9489,8.64011,9.07788,8.567
00:24.4,,,,,7.99498,8.70923,9.07788,8.52092
00:24.5,,,,,7.92586,8.70923,9.12396,8.59004
00:24.6,,,,,7.92586,8.70923,9.0318,8.61308
00:24.7,,,,,7.9489,8.66315,9.05484,8.52092
00:24.8,,,,,7.92586,8.66315,9.07788,8.52092
00:24.9,,,,,7.9489,8.73227,9.12396,8.59004
00:25.0,,,,,7.9489,8.66315,9.05484,8.54396
00:25.1,,,,,7.92586,8.68619,9.10092,8.52092
00:25.2,,,,,7.81066,8.66315,9.0318,8.567
00:25.3,,,,,7.92586,8.66315,9.10092,8.54396
00:25.4,,,,,7.9489,8.68619,9.0318,8.49788
00:25.5,,,,,7.87978,8.70923,9.05484,8.54396
00:25.6,,,,,7.90282,8.61707,9.0318,8.49788
00:25.7,,,,,7.87978,8.66315,9.07788,8.52092
00:25.8,,,,,7.87978,8.68619,9.10092,8.54396
00:25.9,,,,,7.92586,8.66315,9.05484,8.49788
00:26.0,,,,,7.92586,8.64011,9.05484,8.52092
00:26.1,,,,,7.90282,8.61707,9.07788,8.49788
00:26.2,,,,,7.9489,8.66315,9.05484,8.47484
00:26.3,,,,,7.9489,8.64011,9.07788,8.54396
00:26.4,,,,,7.99498,8.68619,9.10092,8.54396
00:26.5,,,,,7.92586,8.64011,9.05484,8.567
00:26.6,,,,,7.90282,8.75531,9.07788,8.47484
00:26.7,,,,,7.97194,8.64011,9.07788,8.54396
00:26.8,,,,,7.92586,8.64011,9.07788,8.52092
00:26.9,,,,,7.90282,8.66315,9.147,8.47484
00:27.0,,,,,7.99498,8.68619,9.05484,8.52092
00:27.1,,,,,7.90282,8.68619,9.12396,8.54396
00:27.2,,,,,7.99498,8.68619,9.0318,8.49788
00:27.3,,,,,7.92586,8.68619,9.147,8.54396
00:27.4,,,,,7.90282,8.64011,9.07788,8.47484
00:27.5,,,,,7.90282,8.66315,9.07788,8.54396
00:27.6,,,,,7.9489,8.66315,9.07788,8.54396
00:27.7,,,,,7.87978,8.70923,9.07788,8.52092
00:27.8,,,,,7.90282,8.61707,9.0318,8.52092
00:27.9,,,,,7.9489,8.61707,9.07788,8.49788
00:28.0,,,,,7.9489,8.64011,9.05484,8.49788
00:28.1,,,,,7.92586,8.59403,9.12396,8.49788
00:28.2,,,,,7.92586,8.68619,9.10092,8.52092
00:28.3,,,,,7.9489,8.61707,9.10092,8.4518
00:28.4,,,,,7.87978,8.70923,9.00876,8.52092
00:28.5,,,,,7.85674,8.64011,9.0318,8.52092
00:28.6,,,,,7.90282,8.61707,9.00876,8.49788
00:28.7,,,,,7.9489,8.68619,9.0318,8.52092
00:28.8,,,,,7.92586,8.64011,9.07788,8.52092
00:28.9,,,,,7.97194,8.64011,8.98572,8.52092
00:29.0,,,,,7.9489,8.68619,9.0318,8.54396
00:29.1,,,,,7.9489,8.64011,9.00876,8.52092
00:29.2,,,,,7.92586,8.61707,9.12396,8.54396
00:29.3,,,,,7.90282,8.64011,9.0318,8.47484
00:29.4,,,,,7.9489,8.61707,9.0318,8.54396
00:29.5,,,,,7.9489,8.66315,9.07788,8.54396
00:29.6,,,,,7.92586,8.64011,9.05484,8.49788
00:29.7,,,,,7.9489,8.59403,9.0318,8.52092
00:29.8,,,,,7.87978,8.61707,9.05484,8.52092
00:29.9,,,,,7.97194,8.61707,9.0318,8.47484
00:30.0,,,,,7.90282,8.59403,9.12396,8.52092
00:30.1,,,,,7.90282,8.64011,9.00876,8.49788
00:30.2,,,,,7.92586,8.66315,9.07788,8.54396
00:30.3,,,,,7.97194,8.70923,9.10092,8.49788
00:30.4,,,,,7.99498,8.64011,9.07788,8.47484
00:30.5,,,,,7.9489,8.66315,9.05484,8.567
00:30.6,,,,,7.9489,8.66315,9.05484,8.47484
00:30.7,,,,,7.97194,8.64011,9.10092,8.47484
00:30.8,,,,,7.92586,8.70923,9.10092,8.52092
00:30.9,,,,,7.9489,8.66315,9.0318,8.49788
00:31.0,,,,,7.97194,8.70923,9.07788,8.54396
00:31.1,,,,,7.99498,8.66315,9.05484,8.4518
00:31.2,,,,,7.92586,8.64011,9.0318,8.567
00:31.3,,,,,7.9489,8.66315,9.0318,8.49788
00:31.4,,,,,7.9489,8.70923,9.05484,8.54396
00:31.5,,,,,7.92586,8.68619,9.07788,8.61308
00:31.6,,,,,7.99498,8.66315,9.0318,8.54396
00:31.7,,,,,7.97194,8.66315,9.12396,8.52092
00:31.8,,,,,7.99498,8.66315,9.07788,8.567
00:31.9,,,,,7.90282,8.68619,9.00876,8.47484
00:32.0,,,,,7.9489,8.64011,9.05484,8.52092
00:32.1,,,,,7.97194,8.64011,9.05484,8.52092
00:32.2,,,,,7.87978,8.64011,9.00876,8.4518
00:32.3,,,,,7.9489,8.66315,9.10092,8.49788
00:32.4,,,,,7.90282,8.66315,9.0318,8.52092
00:32.5,,,,,7.9489,8.64011,9.10092,8.49788
00:32.6,,,,,7.8337,8.64011,9.05484,8.49788
00:32.7,,,,,7.9489,8.68619,9.0318,8.47484
00:32.8,,,,,7.90282,8.66315,9.00876,8.52092
00:32.9,,,,,7.90282,8.66315,9.05484,8.52092
00:33.0,,,,,7.92586,8.68619,9.05484,8.49788
00:33.1,,,,,7.9489,8.64011,8.98572,8.59004
00:33.2,,,,,7.9489,8.66315,9.0318,8.52092
00:33.3,,,,,7.92586,8.66315,9.00876,8.49788
00:33.4,,,,,7.92586,8.66315,9.05484,8.54396
00:33.5,,,,,7.9489,8.73227,9.05484,8.49788
00:33.6,,,,,7.92586,8.64011,9.12396,8.52092
00:33.7,,,,,7.90282,8.70923,8.98572,8.47484
00:33.8,,,,,7.97194,8.61707,9.07788,8.54396
00:33.9,,,,,7.92586,8.68619,8.98572,8.4518
00:34.0,,,,,7.97194,8.64011,9.05484,8.49788
00:34.1,,,,,7.92586,8.66315,9.00876,8.49788
00:34.2,,,,,7.99498,8.68619,9.07788,8.52092
00:34.3,,,,,7.97194,8.66315,9.07788,8.49788
00:34.4,,,,,7.90282,8.70923,9.0318,8.52092
00:34.5,,,,,7.99498,8.77835,9.0318,8.54396
00:34.6,,,,,7.9489,8.66315,9.00876,8.4518
00:34.7,,,,,7.9489,8.68619,9.10092,8.49788
00:34.8,,,,,7.9489,8.68619,9.00876,8.54396
00:34.9,,,,,8.01802,8.66315,9.05484,8.4518
00:35.0,,,,,7.92586,8.70923,9.00876,8.47484
00:35.1,,,,,8.04106,8.68619,9.07788,8.47484
00:35.2,,,,,7.97194,8.70923,9.0318,8.49788
00:35.3,,,,,7.9489,8.61707,9.00876,8.49788
00:35.4,,,,,7.97194,8.68619,9.07788,8.47484
00:35.5,,,,,7.90282,8.70923,9.07788,8.52092
00:35.6,,,,,7.99498,8.70923,9.07788,8.52092
00:35.7,,,,,7.92586,8.64011,9.00876,8.4518
00:35.8,,,,,7.99498,8.68619,9.0318,8.59004
00:35.9,,,,,7.92586,8.66315,9.0318,8.47484
00:36.0,,,,,7.9489,8.70923,9.07788,8.54396
00:36.1,,,,,7.90282,8.64011,9.05484,8.59004
00:36.2,,,,,7.9489,8.66315,9.00876,8.52092
00:36.3,,,,,7.92586,8.64011,8.98572,8.52092
00:36.4,,,,,7.99498,8.68619,9.07788,8.54396
00:36.5,,,,,7.9489,8.61707,9.00876,8.52092
00:36.6,,,,,7.85674,8.68619,9.00876,8.49788
00:36.7,,,,,7.90282,8.64011,9.00876,8.54396
00:36.8,,,,,7.90282,8.73227,9.05484,8.47484
00:36.9,,,,,7.90282,8.66315,9.00876,8.49788
00:37.0,,,,,7.9489,8.70923,9.00876,8.54396
00:37.1,,,,,7.92586,8.66315,9.00876,8.47484
00:37.2,,,,,7.87978,8.70923,9.0318,8.47484
00:37.3,,,,,7.97194,8.64011,8.98572,8.52092
00:37.4,,,,,7.90282,8.61707,8.98572,8.52092
00:37.5,,,,,7.9489,8.68619,9.00876,8.47484
00:37.6,,,,,7.87978,8.66315,9.05484,8.49788
00:37.7,,,,,7.92586,8.66315,9.0318,8.52092
00:37.8,,,,,7.99498,8.64011,8.98572,8.49788
00:37.9,,,,,7.9489,8.70923,9.0318,8.52092
00:38.0,,,,,7.92586,8.66315,9.0318,8.47484
00:38.1,,,,,7.92586,8.66315,9.00876,8.54396
00:38.2,,,,,7.90282,8.66315,9.0318,8.49788
00:38.3,,,,,7.97194,8.68619,9.00876,8.4518
00:38.4,,,,,8.01802,8.64011,9.07788,8.52092
00:38.5,,,,,7.85674,8.68619,9.00876,8.4518
00:38.6,,,,,7.90282,8.64011,8.98572,8.49788
00:38.7,,,,,7.97194,8.66315,9.07788,8.47484
00:38.8,,,,,7.90282,8.64011,9.05484,8.52092
00:38.9,,,,,7.9489,8.68619,8.98572,8.567
00:39.0,,,,,7.92586,8.66315,8.98572,8.52092
00:39.1,,,,,7.90282,8.68619,8.98572,8.4518
00:39.2,,,,,7.90282,8.61707,9.00876,8.47484
00:39.3,,,,,7.9489,8.68619,8.96268,8.47484
00:39.4,,,,,7.90282,8.68619,8.98572,8.49788
00:39.5,,,,,7.90282,8.68619,9.0318,8.567
00:39.6,,,,,7.90282,8.66315,9.00876,8.49788
00:39.7,,,,,7.97194,8.70923,9.0318,8.59004
00:39.8,,,,,7.92586,8.61707,8.96268,8.49788
00:39.9,,,,,7.97194,8.66315,8.98572,8.49788
00:40.0,,,,,7.9489,8.66315,8.96268,8.52092
00:40.1,,,,,7.97194,8.64011,9.00876,8.42876
00:40.2,,,,,7.8337,8.64011,9.0318,8.47484
00:40.3,,,,,7.90282,8.68619,9.0318,8.47484
00:40.4,,,,,7.87978,8.64011,8.98572,8.52092
00:40.5,,,,,7.87978,8.68619,8.98572,8.49788
00:40.6,,,,,7.90282,8.61707,9.05484,8.42876
00:40.7,,,,,7.97194,8.68619,8.98572,8.52092
00:40.8,,,,,7.85674,8.61707,8.98572,8.47484
00:40.9,,,,,7.92586,8.64011,8.98572,8.49788
00:41.0,,,,,7.90282,8.68619,9.05484,8.52092
00:41.1,,,,,7.90282,8.70923,8.98572,8.49788
00:41.2,,,,,7.92586,8.64011,9.0318,8.47484
00:41.3,,,,,7.87978,8.68619,8.98572,8.42876
00:41.4,,,,,7.87978,8.64011,9.0318,8.567
00:41.5,,,,,7.90282,8.66315,9.0318,8.47484
00:41.6,,,,,7.90282,8.61707,9.00876,8.54396
00:41.7,,,,,7.92586,8.64011,9.00876,8.49788
00:41.8,,,,,7.90282,8.66315,9.00876,8.4518
00:41.9,,,,,7.97194,8.66315,9.00876,8.567
00:42.0,,,,,7.87978,8.66315,8.98572,8.61308
00:42.1,,,,,7.92586,8.61707,9.0318,8.54396
00:42.2,,,,,7.90282,8.66315,9.0318,8.567
00:42.3,,,,,7.9489,8.68619,9.05484,8.59004
00:42.4,,,,,7.87978,8.61707,8.98572,8.52092
00:42.5,,,,,7.90282,8.66315,9.00876,8.49788
00:42.6,,,,,7.90282,8.61707,8.98572,8.47484
00:42.7,,,,,7.92586,8.68619,9.0318,8.52092
00:42.8,,,,,7.92586,8.66315,9.00876,8.52092
00:42.9,,,,,7.87978,8.61707,9.0318,8.567
00:43.0,,,,,7.92586,8.66315,8.98572,8.47484
00:43.1,,,,,7.90282,8.59403,9.00876,8.54396
00:43.2,,,,,7.87978,8.66315,9.0318,8.54396
00:43.3,,,,,7.87978,8.59403,8.98572,8.47484
00:43.4,,,,,7.90282,8.64011,9.0318,8.49788
00:43.5,,,,,7.90282,8.61707,9.00876,8.52092
00:43.6,,,,,7.97194,8.66315,9.00876,8.42876
00:43.7,,,,,7.92586,8.61707,8.98572,8.4518
00:43.8,,,,,7.87978,8.61707,9.05484,8.49788
00:43.9,,,,,7.87978,8.68619,9.0318,8.52092
00:44.0,,,,,7.85674,8.61707,9.00876,8.49788
00:44.1,,,,,7.90282,8.59403,8.98572,8.49788
00:44.2,,,,,7.87978,8.64011,9.00876,8.49788
00:44.3,,,,,7.92586,8.59403,9.00876,8.42876
00:44.4,,,,,7.9489,8.66315,9.05484,8.47484
00:44.5,,,,,8.04106,8.66315,9.05484,8.52092
00:44.6,,,,,7.92586,8.66315,9.00876,8.4518
00:44.7,,,,,7.9489,8.59403,9.00876,8.47484
00:44.8,,,,,7.81066,8.64011,9.0318,8.47484
00:44.9,,,,,7.87978,8.68619,9.00876,8.49788
00:45.0,,,,,7.87978,8.68619,8.98572,8.47484
00:45.1,,,,,7.92586,8.64011,8.98572,8.47484
00:45.2,,,,,7.9489,8.61707,8.96268,8.52092
00:45.3,,,,,7.90282,8.68619,9.00876,8.4518
00:45.4,,,,,7.90282,8.68619,8.96268,8.4518
00:45.5,,,,,7.90282,8.68619,9.00876,8.54396
00:45.6,,,,,8.01802,8.64011,9.0318,8.4518
00:45.7,,,,,7.87978,8.61707,9.00876,8.47484
00:45.8,,,,,7.90282,8.61707,8.98572,8.49788
00:45.9,,,,,7.9489,8.68619,9.0318,8.47484
00:46.0,,,,,7.85674,8.61707,8.98572,8.49788
00:46.1,,,,,7.97194,8.61707,9.00876,8.4518
00:46.2,,,,,7.92586,8.66315,9.07788,8.47484
00:46.3,,,,,7.9489,8.66315,8.93964,8.47484
00:46.4,,,,,7.8337,8.61707,9.00876,8.47484
00:46.5,,,,,7.92586,8.61707,9.00876,8.52092
00:46.6,,,,,7.90282,8.61707,9.05484,8.47484
00:46.7,,,,,7.90282,8.61707,9.00876,8.47484
00:46.8,,,,,7.92586,8.64011,8.98572,8.49788
00:46.9,,,,,7.85674,8.66315,9.00876,8.49788
00:47.0,,,,,7.9489,8.64011,9.00876,8.47484
00:47.1,,,,,7.85674,8.66315,9.07788,8.42876
00:47.2,,,,,7.87978,8.70923,9.00876,8.47484
00:47.3,,,,,7.90282,8.61707,9.00876,8.4518
00:47.4,,,,,7.92586,8.61707,8.93964,8.47484
00:47.5,,,,,7.87978,8.68619,9.00876,8.54396
00:47.6,,,,,7.92586,8.66315,8.98572,8.49788
00:47.7,,,,,7.97194,8.59403,8.96268,8.47484
00:47.8,,,,,7.9489,8.64011,8.96268,8.47484
00:47.9,,,,,7.97194,8.61707,9.00876,8.47484
00:48.0,,,,,7.99498,8.68619,9.0318,8.40572
00:48.1,,,,,7.97194,8.61707,8.98572,8.49788
00:48.2,,,,,7.9489,8.66315,9.00876,8.49788
00:48.3,,,,,7.85674,8.61707,9.00876,8.52092
00:48.4,,,,,7.90282,8.73227,9.00876,8.52092
00:48.5,,,,,7.90282,8.64011,9.00876,8.47484
00:48.6,,,,,7.87978,8.64011,8.93964,8.54396
00:48.7,,,,,7.90282,8.64011,8.96268,8.54396
00:48.8,,,,,7.90282,8.64011,8.96268,8.52092
00:48.9,,,,,7.92586,8.68619,9.0318,8.49788
00:49.0,,,,,7.85674,8.61707,8.98572,8.567
00:49.1,,,,,7.9489,8.64011,9.00876,8.52092
00:49.2,,,,,7.92586,8.64011,8.98572,8.47484
00:49.3,,,,,7.9489,8.68619,9.00876,8.49788
00:49.4,,,,,7.92586,8.64011,9.00876,8.47484
00:49.5,,,,,7.85674,8.64011,9.00876,8.42876
00:49.6,,,,,7.90282,8.59403,8.96268,8.47484
00:49.7,,,,,7.92586,8.64011,8.96268,8.47484
00:49.8,,,,,7.90282,8.66315,9.00876,8.47484
00:49.9,,,,,7.87978,8.61707,8.93964,8.49788
00:50.0,,,,,7.92586,8.68619,9.0318,8.47484
00:50.1,,,,,7.85674,8.61707,8.96268,8.52092
00:50.2,,,,,7.9489,8.66315,9.0318,8.47484
00:50.3,,,,,7.87978,8.64011,9.00876,8.49788
00:50.4,,,,,7.9489,8.64011,9.0318,8.4518
00:50.5,,,,,7.85674,8.64011,8.96268,8.42876
00:50.6,,,,,7.85674,8.66315,9.0318,8.47484
00:50.7,,,,,7.87978,8.61707,9.0318,8.4518
00:50.8,,,,,7.87978,8.68619,8.98572,8.54396
00:50.9,,,,,7.85674,8.70923,8.96268,8.47484
00:51.0,,,,,7.92586,8.61707,9.07788,8.4518
00:51.1,,,,,7.92586,8.70923,8.96268,8.49788
00:51.2,,,,,7.87978,8.64011,9.00876,8.40572
00:51.3,,,,,7.90282,8.64011,8.96268,8.47484
00:51.4,,,,,7.87978,8.64011,9.00876,8.47484
00:51.5,,,,,7.87978,8.66315,9.0318,8.47484
00:51.6,,,,,7.85674,8.64011,9.00876,8.54396
00:51.7,,,,,7.85674,8.66315,8.96268,8.59004
00:51.8,,,,,7.87978,8.68619,9.00876,8.54396
00:51.9,,,,,7.87978,8.64011,8.96268,8.49788
00:52.0,,,,,7.85674,8.61707,8.96268,8.47484
00:52.1,,,,,7.92586,8.61707,8.96268,8.49788
00:52.2,,,,,7.87978,8.61707,8.98572,8.4518
00:52.3,,,,,7.90282,8.57099,8.96268,8.49788
00:52.4,,,,,7.90282,8.64011,8.98572,8.42876
00:52.5,,,,,7.92586,8.68619,8.96268,8.49788
00:52.6,,,,,7.87978,8.66315,9.00876,8.4518
00:52.7,,,,,7.87978,8.61707,8.96268,8.42876
00:52.8,,,,,7.87978,8.64011,9.00876,8.42876
00:52.9,,,,,7.92586,8.64011,9.00876,8.42876
00:53.0,,,,,7.87978,8.66315,9.00876,8.49788
00:53.1,,,,,7.87978,8.59403,8.96268,8.47484
00:53.2,,,,,7.8337,8.66315,8.98572,8.4518
00:53.3,,,,,7.90282,8.61707,8.98572,8.54396
00:53.4,,,,,7.87978,8.68619,8.98572,8.4518
00:53.5,,,,,7.92586,8.61707,8.96268,8.4518
00:53.6,,,,,7.87978,8.64011,9.0318,8.52092
00:53.7,,,,,7.90282,8.61707,8.93964,8.42876
00:53.8,,,,,7.85674,8.64011,9.00876,8.4518
00:53.9,,,,,7.8337,8.70923,8.98572,8.47484
00:54.0,,,,,7.81066,8.59403,8.96268,8.4518
00:54.1,,,,,7.87978,8.61707,8.98572,8.4518
00:54.2,,,,,7.85674,8.66315,9.00876,8.54396
00:54.3,,,,,7.90282,8.68619,8.9166,8.47484
00:54.4,,,,,7.92586,8.59403,8.98572,8.54396
00:54.5,,,,,7.87978,8.59403,8.98572,8.4518
00:54.6,,,,,7.85674,8.64011,9.00876,8.52092
00:54.7,,,,,7.85674,8.66315,8.96268,8.4518
00:54.8,,,,,7.85674,8.64011,8.98572,8.4518
00:54.9,,,,,7.87978,8.61707,8.96268,8.4518
00:55.0,,,,,7.87978,8.59403,9.00876,8.47484
00:55.1,,,,,7.87978,8.64011,8.93964,8.47484
00:55.2,,,,,7.85674,8.61707,8.96268,8.4518
00:55.3,,,,,7.90282,8.59403,9.0318,8.4518
00:55.4,,,,,7.8337,8.59403,9.00876,8.38268
00:55.5,,,,,7.85674,8.66315,9.0318,8.47484
00:55.6,,,,,7.90282,8.61707,8.96268,8.4518
00:55.7,,,,,7.92586,8.64011,8.98572,8.40572
00:55.8,,,,,7.85674,8.61707,8.98572,8.42876
00:55.9,,,,,7.87978,8.66315,8.98572,8.42876
00:56.0,,,,,7.90282,8.61707,8.96268,8.42876
00:56.1,,,,,7.87978,8.66315,9.00876,8.4518
00:56.2,,,,,7.90282,8.64011,8.96268,8.4518
00:56.3,,,,,7.87978,8.68619,8.96268,8.47484
00:56.4,,,,,7.87978,8.61707,8.96268,8.42876
00:56.5,,,,,7.81066,8.64011,8.98572,8.4518
00:56.6,,,,,7.85674,8.64011,8.96268,8.42876
00:56.7,,,,,7.87978,8.70923,9.00876,8.47484
00:56.8,,,,,7.87978,8.59403,8.98572,8.47484
00:56.9,,,,,7.8337,8.64011,8.98572,8.4518
00:57.0,,,,,7.8337,8.64011,8.9166,8.49788
00:57.1,,,,,7.92586,8.66315,8.96268,8.4518
00:57.2,,,,,7.85674,8.66315,8.96268,8.42876
00:57.3,,,,,7.8337,8.64011,8.96268,8.4518
00:57.4,,,,,7.85674,8.64011,8.93964,8.4518
00:57.5,,,,,7.87978,8.61707,8.93964,8.47484
00:57.6,,,,,7.90282,8.66315,9.00876,8.47484
00:57.7,,,,,7.87978,8.64011,8.96268,8.49788
00:57.8,,,,,7.85674,8.61707,8.98572,8.47484
00:57.9,,,,,7.87978,8.64011,9.00876,8.47484
00:58.0,,,,,7.85674,8.68619,9.0318,8.42876
00:58.1,,,,,7.8337,8.64011,9.00876,8.47484
00:58.2,,,,,7.92586,8.64011,8.96268,8.4518
00:58.3,,,,,7.85674,8.59403,8.96268,8.47484
00:58.4,,,,,7.87978,8.64011,9.00876,8.38268
00:58.5,,,,,7.85674,8.57099,9.00876,8.4518
00:58.6,,,,,7.8337,8.61707,9.00876,8.49788
00:58.7,,,,,7.8337,8.61707,8.98572,8.4518
00:58.8,,,,,7.87978,8.66315,8.93964,8.4518
00:58.9,,,,,7.87978,8.57099,9.00876,8.4518
00:59.0,,,,,7.85674,8.64011,8.98572,8.4518
00:59.1,,,,,7.76458,8.66315,8.98572,8.42876
00:59.2,,,,,7.85674,8.68619,8.98572,8.4518
00:59.3,,,,,7.85674,8.61707,8.98572,8.47484
00:59.4,,,,,7.81066,8.61707,8.96268,8.54396
00:59.5,,,,,7.90282,8.61707,8.98572,8.47484
00:59.6,,,,,7.92586,8.61707,8.9166,8.47484
00:59.7,,,,,7.87978,8.66315,8.98572,8.49788
00:59.8,,,,,7.92586,8.66315,8.98572,8.38268
00:59.9,,,,,7.85674,8.64011,8.96268,8.4518
01:00.0,,,,,7.85674,8.64011,8.93964,8.47484
01:00.1,,,,,7.92586,8.68619,8.96268,8.42876
01:00.2,,,,,7.8337,8.59403,8.93964,8.49788
01:00.3,,,,,7.92586,8.61707,8.98572,8.4518
01:00.4,,,,,7.8337,8.64011,8.93964,8.4518
01:00.5,,,,,7.87978,8.66315,8.98572,8.42876
01:00.6,,,,,7.8337,8.64011,8.98572,8.4518
01:00.7,,,,,7.8337,8.64011,9.00876,8.4518
01:00.8,,,,,7.85674,8.61707,8.98572,8.4518
01:00.9,,,,,7.85674,8.64011,8.98572,8.4518
01:01.0,,,,,7.90282,8.61707,9.0318,8.47484
01:01.1,,,,,7.90282,8.59403,8.98572,8.4518
01:01.2,,,,,7.87978,8.64011,8.93964,8.52092
01:01.3,,,,,7.85674,8.66315,8.93964,8.4518
01:01.4,,,,,7.85674,8.66315,8.98572,8.49788
01:01.5,,,,,7.90282,8.64011,8.93964,8.4518
01:01.6,,,,,7.92586,8.61707,9.00876,8.4518
01:01.7,,,,,7.87978,8.70923,8.93964,8.47484
01:01.8,,,,,7.87978,8.66315,8.98572,8.52092
01:01.9,,,,,7.85674,8.66315,8.98572,8.47484
01:02.0,,,,,7.85674,8.59403,8.93964,8.4518
01:02.1,,,,,7.87978,8.64011,8.9166,8.54396
01:02.2,,,,,7.87978,8.61707,8.98572,8.4518
01:02.3,,,,,7.9489,8.61707,8.93964,8.47484
01:02.4,,,,,7.85674,8.64011,8.96268,8.47484
01:02.5,,,,,7.92586,8.61707,8.96268,8.4518
01:02.6,,,,,7.87978,8.64011,8.9166,8.40572
01:02.7,,,,,7.87978,8.61707,8.98572,8.38268
01:02.8,,,,,7.85674,8.64011,8.93964,8.4518
01:02.9,,,,,7.87978,8.64011,8.9166,8.49788
01:03.0,,,,,7.90282,8.68619,9.00876,8.4518
01:03.1,,,,,7.90282,8.59403,8.98572,8.47484
01:03.2,,,,,7.87978,8.66315,8.9166,8.42876
01:03.3,,,,,7.85674,8.57099,8.96268,8.42876
01:03.4,,,,,7.85674,8.70923,8.96268,8.4518
01:03.5,,,,,7.90282,8.61707,8.98572,8.4518
01:03.6,,,,,7.81066,8.66315,8.96268,8.4518
01:03.7,,,,,7.8337,8.64011,9.00876,8.42876
01:03.8,,,,,7.90282,8.64011,8.96268,8.49788
01:03.9,,,,,7.81066,8.66315,8.96268,8.42876
01:04.0,,,,,7.9489,8.66315,9.00876,8.4518
01:04.1,,,,,7.85674,8.61707,9.00876,8.52092
01:04.2,,,,,7.8337,8.66315,9.00876,8.47484
01:04.3,,,,,7.85674,8.59403,8.98572,8.4518
01:04.4,,,,,7.8337,8.64011,8.98572,8.52092
01:04.5,,,,,7.85674,8.64011,8.98572,8.4518
01:04.6,,,,,7.92586,8.64011,8.93964,8.52092
01:04.7,,,,,7.90282,8.59403,9.00876,8.54396
01:04.8,,,,,7.8337,8.64011,8.89356,8.49788
01:04.9,,,,,7.85674,8.64011,8.93964,8.52092
01:05.0,,,,,7.90282,8.66315,8.98572,8.567
01:05.1,,,,,7.87978,8.61707,8.96268,8.52092
01:05.2,,,,,7.85674,8.66315,8.9166,8.49788
01:05.3,,,,,7.8337,8.61707,8.98572,8.49788
01:05.4,,,,,7.92586,8.68619,8.93964,8.49788
01:05.5,,,,,7.8337,8.64011,9.00876,8.47484
01:05.6,,,,,7.8337,8.64011,8.98572,8.52092
01:05.7,,,,,7.78762,8.66315,8.9166,8.38268
01:05.8,,,,,7.8337,8.61707,8.98572,8.47484
01:05.9,,,,,7.92586,8.68619,8.98572,8.47484
01:06.0,,,,,7.85674,8.61707,8.9166,8.49788
01:06.1,,,,,7.90282,8.64011,8.96268,8.40572
01:06.2,,,,,7.85674,8.59403,8.93964,8.4518
01:06.3,,,,,7.85674,8.66315,8.96268,8.49788
01:06.4,,,,,7.87978,8.64011,8.9166,8.40572
01:06.5,,,,,7.85674,8.64011,8.89356,8.4518
01:06.6,,,,,7.90282,8.66315,8.93964,8.47484
01:06.7,,,,,7.92586,8.64011,9.00876,8.47484
01:06.8,,,,,7.87978,8.61707,8.93964,8.47484
01:06.9,,,,,7.87978,8.59403,8.93964,8.47484
01:07.0,,,,,7.90282,8.61707,8.98572,8.49788
01:07.1,,,,,7.87978,8.66315,8.96268,8.42876
01:07.2,,,,,7.85674,8.70923,8.9166,8.47484
01:07.3,,,,,7.9489,8.66315,8.96268,8.47484
01:07.4,,,,,7.87978,8.64011,8.93964,8.42876
01:07.5,,,,,7.85674,8.61707,8.9166,8.49788
01:07.6,,,,,7.87978,8.66315,9.00876,8.52092
01:07.7,,,,,7.85674,8.68619,8.93964,8.54396
01:07.8,,,,,7.90282,8.64011,8.98572,8.42876
01:07.9,,,,,7.90282,8.64011,8.96268,8.49788
01:08.0,,,,,7.9489,8.68619,9.00876,8.52092
01:08.1,,,,,7.87978,8.66315,8.93964,8.4518
01:08.2,,,,,7.85674,8.66315,8.9166,8.47484
01:08.3,,,,,7.90282,8.64011,8.96268,8.47484
01:08.4,,,,,7.87978,8.66315,9.00876,8.49788
01:08.5,,,,,7.85674,8.68619,8.9166,8.567
01:08.6,,,,,7.92586,8.61707,8.93964,8.4518
01:08.7,,,,,7.87978,8.66315,8.98572,8.4518
01:08.8,,,,,7.9489,8.66315,8.89356,8.49788
01:08.9,,,,,7.90282,8.64011,8.93964,8.54396
01:09.0,,,,,7.92586,8.59403,8.89356,8.567
01:09.1,,,,,7.9489,8.61707,8.98572,8.52092
01:09.2,,,,,7.97194,8.61707,9.00876,8.4518
01:09.3,,,,,8.04106,8.68619,8.96268,8.49788
01:09.4,,,,,7.92586,8.59403,8.96268,8.49788
01:09.5,,,,,7.8337,8.66315,8.93964,8.47484
01:09.6,,,,,7.87978,8.66315,8.87052,8.54396
01:09.7,,,,,7.90282,8.66315,8.93964,8.49788
01:09.8,,,,,7.85674,8.64011,8.9166,8.52092
01:09.9,,,,,7.9489,8.61707,8.96268,8.54396
01:10.0,,,,,7.90282,8.61707,8.93964,8.47484
01:10.1,,,,,7.87978,8.66315,8.93964,8.47484
01:10.2,,,,,7.90282,8.64011,8.96268,8.52092
01:10.3,,,,,7.92586,8.64011,9.0318,8.4518
01:10.4,,,,,7.87978,8.61707,8.96268,8.4518
01:10.5,,,,,7.92586,8.59403,8.87052,8.52092
01:10.6,,,,,7.87978,8.64011,8.9166,8.4518
01:10.7,,,,,7.90282,8.64011,8.96268,8.47484
01:10.8,,,,,7.90282,8.59403,8.89356,8.4518
01:10.9,,,,,7.90282,8.64011,8.9166,8.52092
01:11.0,,,,,7.92586,8.66315,8.93964,8.52092
01:11.1,,,,,7.92586,8.57099,8.9166,8.4518
01:11.2,,,,,7.92586,8.64011,8.9166,8.47484
01:11.3,,,,,7.92586,8.61707,8.93964,8.42876
01:11.4,,,,,7.9489,8.68619,9.00876,8.47484
01:11.5,,,,,7.87978,8.61707,8.93964,8.52092
01:11.6,,,,,7.90282,8.66315,9.00876,8.47484
01:11.7,,,,,7.92586,8.61707,8.93964,8.47484
01:11.8,,,,,7.92586,8.64011,8.98572,8.42876
01:11.9,,,,,7.92586,8.64011,8.93964,8.52092
01:12.0,,,,,7.99498,8.59403,8.93964,8.42876
01:12.1,,,,,7.92586,8.68619,8.93964,8.40572
01:12.2,,,,,7.90282,8.64011,8.98572,8.49788
01:12.3,,,,,7.90282,8.66315,8.98572,8.4518
01:12.4,,,,,7.97194,8.59403,8.9166,8.49788
01:12.5,,,,,7.92586,8.66315,8.96268,8.4518
01:12.6,,,,,7.9489,8.59403,8.98572,8.52092
01:12.7,,,,,7.9489,8.59403,8.98572,8.4518
01:12.8,,,,,7.90282,8.64011,8.96268,8.47484
01:12.9,,,,,7.97194,8.66315,8.9166,8.49788
01:13.0,,,,,7.97194,8.64011,9.00876,8.42876
01:13.1,,,,,7.92586,8.59403,8.93964,8.49788
01:13.2,,,,,7.92586,8.61707,9.00876,8.4518
01:13.3,,,,,7.97194,8.59403,8.9166,8.47484
01:13.4,,,,,7.9489,8.57099,8.93964,8.42876
01:13.5,,,,,7.9489,8.70923,8.9166,8.47484
01:13.6,,,,,7.92586,8.68619,8.96268,8.54396
01:13.7,,,,,7.87978,8.61707,8.93964,8.47484
01:13.8,,,,,7.90282,8.61707,8.9166,8.42876
01:13.9,,,,,7.8337,8.68619,8.89356,8.47484
01:14.0,,,,,7.8337,8.59403,8.96268,8.42876
01:14.1,,,,,7.85674,8.66315,8.93964,8.49788
01:14.2,,,,,7.8337,8.59403,8.96268,8.567
01:14.3,,,,,7.87978,8.59403,8.93964,8.567
01:14.4,,,,,7.87978,8.61707,8.93964,8.47484
01:14.5,,,,,7.87978,8.61707,8.98572,8.52092
01:14.6,,,,,7.85674,8.59403,8.9166,8.42876
01:14.7,,,,,7.90282,8.66315,8.9166,8.4518
01:14.8,,,,,7.87978,8.66315,8.93964,8.47484
01:14.9,,,,,7.90282,8.59403,9.00876,8.42876
01:15.0,,,,,7.92586,8.61707,8.89356,8.40572
01:15.1,,,,,7.8337,8.64011,8.89356,8.52092
01:15.2,,,,,7.92586,8.68619,8.9166,8.42876
01:15.3,,,,,7.90282,8.57099,8.93964,8.47484
01:15.4,,,,,7.87978,8.61707,8.9166,8.42876
01:15.5,,,,,7.90282,8.61707,8.93964,8.49788
01:15.6,,,,,7.87978,8.66315,8.9166,8.40572
01:15.7,,,,,7.92586,8.59403,8.93964,8.49788
01:15.8,,,,,7.92586,8.61707,8.89356,8.47484
01:15.9,,,,,7.90282,8.61707,8.96268,8.42876
01:16.0,,,,,7.90282,8.64011,8.93964,8.42876
01:16.1,,,,,7.92586,8.66315,8.93964,8.47484
01:16.2,,,,,7.87978,8.64011,8.9166,8.49788
01:16.3,,,,,7.87978,8.61707,8.96268,8.49788
01:16.4,,,,,7.92586,8.66315,9.00876,8.42876
01:16.5,,,,,7.92586,8.61707,8.96268,8.52092
01:16.6,,,,,7.87978,8.66315,8.9166,8.40572
01:16.7,,,,,7.81066,8.61707,8.96268,8.4518
01:16.8,,,,,7.97194,8.66315,8.9166,8.49788
01:16.9,,,,,7.85674,8.64011,8.96268,8.49788
01:17.0,,,,,7.87978,8.59403,8.89356,8.52092
01:17.1,,,,,7.97194,8.59403,8.9166,8.47484
01:17.2,,,,,7.9489,8.61707,8.93964,8.54396
01:17.3,,,,,7.97194,8.70923,8.9166,8.40572
01:17.4,,,,,7.99498,8.64011,8.96268,8.47484
01:17.5,,,,,7.87978,8.64011,8.89356,8.49788
01:17.6,,,,,7.9489,8.59403,9.00876,8.42876
01:17.7,,,,,7.90282,8.68619,8.93964,8.42876
01:17.8,,,,,7.92586,8.59403,8.96268,8.4518
01:17.9,,,,,7.90282,8.64011,8.98572,8.40572
01:18.0,,,,,7.92586,8.61707,8.9166,8.4518
01:18.1,,,,,7.85674,8.66315,8.93964,8.47484
01:18.2,,,,,7.85674,8.61707,8.96268,8.47484
01:18.3,,,,,7.87978,8.59403,8.96268,8.40572
01:18.4,,,,,7.85674,8.61707,8.93964,8.4518
01:18.5,,,,,7.97194,8.61707,8.89356,8.54396
01:18.6,,,,,7.87978,8.68619,9.0318,8.4518
01:18.7,,,,,7.97194,8.59403,8.87052,8.4518
01:18.8,,,,,7.99498,8.61707,8.93964,8.4518
01:18.9,,,,,7.90282,8.64011,8.9166,8.49788
01:19.0,,,,,7.90282,8.66315,8.93964,8.4518
01:19.1,,,,,7.90282,8.59403,9.00876,8.40572
01:19.2,,,,,7.92586,8.61707,8.93964,8.49788
01:19.3,,,,,7.90282,8.64011,8.93964,8.42876
01:19.4,,,,,7.87978,8.64011,8.93964,8.42876
01:19.5,,,,,7.90282,8.59403,8.98572,8.42876
01:19.6,,,,,7.85674,8.61707,8.84747,8.42876
01:19.7,,,,,7.8337,8.64011,8.93964,8.4518
01:19.8,,,,,7.8337,8.66315,8.9166,8.42876
01:19.9,,,,,7.97194,8.64011,8.93964,8.47484
01:20.0,,,,,7.85674,8.68619,8.9166,8.47484
01:20.1,,,,,7.90282,8.64011,8.98572,8.49788
01:20.2,,,,,7.85674,8.61707,8.9166,8.49788
01:20.3,,,,,7.8337,8.61707,8.89356,8.54396
01:20.4,,,,,7.90282,8.61707,8.89356,8.47484
01:20.5,,,,,7.85674,8.59403,8.9166,8.54396
01:20.6,,,,,7.87978,8.61707,8.89356,8.40572
01:20.7,,,,,7.97194,8.64011,8.87052,8.42876
01:20.8,,,,,7.97194,8.61707,8.9166,8.49788
01:20.9,,,,,7.9489,8.66315,8.98572,8.567
01:21.0,,,,,7.92586,8.61707,8.96268,8.567
01:21.1,,,,,7.87978,8.68619,8.89356,8.567
01:21.2,,,,,7.90282,8.70923,8.9166,8.567
01:21.3,,,,,7.87978,8.59403,8.89356,8.52092
01:21.4,,,,,7.8337,8.64011,8.89356,8.4518
01:21.5,,,,,7.92586,8.59403,8.89356,8.49788
01:21.6,,,,,7.90282,8.66315,8.87052,8.49788
01:21.7,,,,,7.85674,8.59403,8.80139,8.42876
01:21.8,,,,,7.9489,8.59403,8.84747,8.49788
01:21.9,,,,,7.87978,8.61707,8.89356,8.42876
01:22.0,,,,,7.92586,8.61707,8.87052,8.42876
01:22.1,,,,,7.87978,8.64011,8.82443,8.52092
01:22.2,,,,,7.85674,8.64011,8.93964,8.47484
01:22.3,,,,,7.85674,8.59403,8.80139,8.47484
01:22.4,,,,,7.8337,8.61707,8.87052,8.42876
01:22.5,,,,,7.9489,8.61707,8.89356,8.42876
01:22.6,,,,,7.85674,8.59403,8.82443,8.4518
01:22.7,,,,,7.78762,8.59403,8.84747,8.47484
01:22.8,,,,,7.87978,8.57099,8.87052,8.47484
01:22.9,,,,,7.85674,8.66315,8.82443,8.4518
01:23.0,,,,,7.90282,8.61707,8.80139,8.4518
01:23.1,,,,,7.90282,8.61707,8.84747,8.4518
01:23.2,,,,,7.85674,8.61707,8.80139,8.40572
01:23.3,,,,,7.87978,8.64011,8.80139,8.4518
01:23.4,,,,,7.87978,8.64011,8.87052,8.40572
01:23.5,,,,,7.90282,8.59403,8.77835,8.4518
01:23.6,,,,,7.87978,8.61707,8.80139,8.40572
01:23.7,,,,,7.87978,8.59403,8.82443,8.4518
01:23.8,,,,,7.87978,8.66315,8.87052,8.4518
01:23.9,,,,,7.90282,8.59403,8.80139,8.4518
01:24.0,,,,,7.90282,8.59403,8.82443,8.567
01:24.1,,,,,7.9489,8.61707,8.80139,8.47484
01:24.2,,,,,7.90282,8.66315,8.87052,8.4518
01:24.3,,,,,7.85674,8.59403,8.82443,8.4518
01:24.4,,,,,7.8337,8.68619,8.80139,8.35964
01:24.5,,,,,7.81066,8.57099,8.84747,8.52092
01:24.6,,,,,7.92586,8.66315,8.84747,8.4518
01:24.7,,,,,7.90282,8.59403,8.80139,8.49788
01:24.8,,,,,7.90282,8.64011,8.77835,8.42876
01:24.9,,,,,7.85674,8.59403,8.77835,8.4518
01:25.0,,,,,7.81066,8.59403,8.82443,8.4518
01:25.1,,,,,7.81066,8.64011,8.77835,8.4518
01:25.2,,,,,7.85674,8.64011,8.82443,8.47484
01:25.3,,,,,7.85674,8.61707,8.75531,8.47484
01:25.4,,,,,7.81066,8.59403,8.87052,8.47484
01:25.5,,,,,7.90282,8.64011,8.82443,8.54396
01:25.6,,,,,7.85674,8.64011,8.77835,8.52092
01:25.7,,,,,7.90282,8.61707,8.84747,8.38268
01:25.8,,,,,7.87978,8.64011,8.84747,8.4518
01:25.9,,,,,7.85674,8.61707,8.80139,8.42876
01:26.0,,,,,7.85674,8.66315,8.9166,8.42876
01:26.1,,,,,7.87978,8.59403,8.82443,8.52092
01:26.2,,,,,7.85674,8.61707,8.80139,8.47484
01:26.3,,,,,7.8337,8.68619,8.80139,8.47484
01:26.4,,,,,7.92586,8.64011,8.82443,8.42876
01:26.5,,,,,7.8337,8.57099,8.80139,8.4518
01:26.6,,,,,7.92586,8.57099,8.77835,8.4518
01:26.7,,,,,7.85674,8.64011,8.89356,8.4518
01:26.8,,,,,7.90282,8.61707,8.84747,8.47484
01:26.9,,,,,7.87978,8.57099,8.82443,8.38268
01:27.0,,,,,7.87978,8.61707,8.82443,8.49788
01:27.1,,,,,7.8337,8.61707,8.77835,8.38268
01:27.2,,,,,7.85674,8.66315,8.82443,8.42876
01:27.3,,,,,7.85674,8.61707,8.82443,8.49788
01:27.4,,,,,7.90282,8.59403,8.77835,8.42876
01:27.5,,,,,7.85674,8.59403,8.84747,8.40572
01:27.6,,,,,7.87978,8.64011,8.80139,8.38268
01:27.7,,,,,7.85674,8.64011,8.77835,8.4518
01:27.8,,,,,7.85674,8.57099,8.84747,8.47484
01:27.9,,,,,7.9489,8.64011,8.82443,8.42876
01:28.0,,,,,7.8337,8.59403,8.80139,8.52092
01:28.1,,,,,7.87978,8.68619,8.82443,8.4518
01:28.2,,,,,7.8337,8.57099,8.77835,8.42876
01:28.3,,,,,7.87978,8.64011,8.82443,8.42876
01:28.4,,,,,7.8337,8.59403,8.84747,8.4518
01:28.5,,,,,7.85674,8.64011,8.84747,8.49788
01:28.6,,,,,7.9489,8.64011,8.77835,8.4518
01:28.7,,,,,7.87978,8.59403,8.84747,8.47484
01:28.8,,,,,7.90282,8.61707,8.80139,8.47484
01:28.9,,,,,7.8337,8.61707,8.84747,8.47484
01:29.0,,,,,7.87978,8.66315,8.87052,8.49788
01:29.1,,,,,7.87978,8.66315,8.77835,8.47484
01:29.2,,,,,7.85674,8.64011,8.84747,8.52092
01:29.3,,,,,7.87978,8.59403,8.80139,8.61308
01:29.4,,,,,7.87978,8.59403,8.84747,8.54396
01:29.5,,,,,7.87978,8.64011,8.84747,8.61308
01:29.6,,,,,7.92586,8.57099,8.84747,8.54396
01:29.7,,,,,7.90282,8.64011,8.82443,8.54396
01:29.8,,,,,7.87978,8.66315,8.80139,8.54396
01:29.9,,,,,7.90282,8.68619,8.89356,8.47484
01:30.0,,,,,7.87978,8.59403,8.77835,8.42876
01:30.1,,,,,7.8337,8.61707,8.93964,8.4518
01:30.2,,,,,7.87978,8.64011,8.89356,8.47484
01:30.3,,,,,7.85674,8.61707,8.89356,8.4518
01:30.4,,,,,7.8337,8.59403,8.89356,8.49788
01:30.5,,,,,7.8337,8.66315,8.84747,8.38268
01:30.6,,,,,7.85674,8.64011,8.9166,8.4518
01:30.7,,,,,7.9489,8.64011,8.89356,8.42876
01:30.8,,,,,7.90282,8.61707,8.9166,8.4518
01:30.9,,,,,7.81066,8.61707,8.82443,8.4518
01:31.0,,,,,7.8337,8.59403,8.89356,8.4518
01:31.1,,,,,7.87978,8.66315,8.82443,8.4518
01:31.2,,,,,7.90282,8.61707,8.87052,8.42876
01:31.3,,,,,7.90282,8.61707,8.84747,8.4518
01:31.4,,,,,7.92586,8.61707,8.87052,8.49788
01:31.5,,,,,7.8337,8.64011,8.89356,8.47484
01:31.6,,,,,7.8337,8.64011,8.89356,8.40572
01:31.7,,,,,7.8337,8.57099,8.84747,8.52092
01:31.8,,,,,7.92586,8.61707,8.93964,8.42876
01:31.9,,,,,7.87978,8.61707,8.84747,8.42876
01:32.0,,,,,7.87978,8.68619,8.9166,8.49788
01:32.1,,,,,7.87978,8.66315,8.96268,8.42876
01:32.2,,,,,7.87978,8.59403,8.84747,8.47484
01:32.3,,,,,7.85674,8.61707,8.84747,8.42876
01:32.4,,,,,7.81066,8.66315,8.87052,8.4518
01:32.5,,,,,7.87978,8.66315,8.93964,8.54396
01:32.6,,,,,7.81066,8.59403,8.82443,8.4518
01:32.7,,,,,7.8337,8.59403,8.87052,8.4518
01:32.8,,,,,7.87978,8.64011,8.89356,8.4518
01:32.9,,,,,7.8337,8.64011,8.82443,8.4518
01:33.0,,,,,7.85674,8.61707,8.87052,8.49788
01:33.1,,,,,7.92586,8.61707,8.87052,8.49788
01:33.2,,,,,7.85674,8.66315,8.9166,8.4518
01:33.3,,,,,7.8337,8.64011,8.93964,8.4518
01:33.4,,,,,7.90282,8.66315,8.9166,8.40572
01:33.5,,,,,7.90282,8.59403,8.89356,8.49788
01:33.6,,,,,7.8337,8.61707,8.87052,8.4518
01:33.7,,,,,7.87978,8.54795,8.84747,8.42876
01:33.8,,,,,7.8337,8.61707,8.89356,8.52092
01:33.9,,,,,7.87978,8.57099,8.82443,8.40572
01:34.0,,,,,7.8337,8.66315,8.89356,8.47484
01:34.1,,,,,7.87978,8.59403,8.87052,8.4518
01:34.2,,,,,7.85674,8.68619,8.84747,8.42876
01:34.3,,,,,7.87978,8.70923,8.89356,8.47484
01:34.4,,,,,7.81066,8.66315,8.82443,8.42876
01:34.5,,,,,7.85674,8.59403,8.84747,8.42876
01:34.6,,,,,7.8337,8.61707,8.84747,8.42876
01:34.7,,,,,7.85674,8.64011,8.87052,8.4518
01:34.8,,,,,7.81066,8.57099,8.87052,8.47484
01:34.9,,,,,7.81066,8.68619,8.84747,8.49788
01:35.0,,,,,7.81066,8.61707,8.96268,8.4518
01:35.1,,,,,7.8337,8.64011,8.89356,8.40572
01:35.2,,,,,7.85674,8.57099,8.87052,8.47484
01:35.3,,,,,7.85674,8.61707,8.87052,8.42876
01:35.4,,,,,7.87978,8.57099,8.93964,8.49788
01:35.5,,,,,7.81066,8.66315,8.93964,8.42876
01:35.6,,,,,7.92586,8.59403,8.96268,8.4518
01:35.7,,,,,7.85674,8.57099,8.89356,8.47484
01:35.8,,,,,7.85674,8.64011,8.96268,8.4518
01:35.9,,,,,7.90282,8.66315,8.9166,8.42876
01:36.0,,,,,7.9489,8.57099,8.96268,8.42876
01:36.1,,,,,7.87978,8.64011,8.93964,8.4518
01:36.2,,,,,7.92586,8.61707,8.89356,8.49788
01:36.3,,,,,7.92586,8.66315,8.9166,8.42876
01:36.4,,,,,7.92586,8.64011,8.9166,8.40572
01:36.5,,,,,7.8337,8.57099,8.93964,8.40572
01:36.6,,,,,7.87978,8.61707,8.87052,8.4518
01:36.7,,,,,7.87978,8.61707,8.96268,8.4518
01:36.8,,,,,7.81066,8.64011,8.93964,8.40572
01:36.9,,,,,7.85674,8.59403,8.89356,8.4518
01:37.0,,,,,7.90282,8.64011,8.93964,8.40572
01:37.1,,,,,7.87978,8.59403,8.87052,8.4518
01:37.2,,,,,7.85674,8.59403,8.96268,8.42876
01:37.3,,,,,7.85674,8.64011,8.93964,8.54396
01:37.4,,,,,7.87978,8.59403,8.93964,8.49788
01:37.5,,,,,7.81066,8.64011,8.96268,8.49788
01:37.6,,,,,7.90282,8.59403,8.96268,8.49788
01:37.7,,,,,7.90282,8.61707,8.89356,8.38268
01:37.8,,,,,7.85674,8.59403,8.93964,8.47484
01:37.9,,,,,7.87978,8.64011,8.96268,8.49788
01:38.0,,,,,7.90282,8.61707,8.89356,8.42876
01:38.1,,,,,7.8337,8.66315,8.93964,8.49788
01:38.2,,,,,7.90282,8.61707,8.9166,8.42876
01:38.3,,,,,7.85674,8.64011,8.93964,8.49788
01:38.4,,,,,7.90282,8.59403,8.93964,8.38268
01:38.5,,,,,7.85674,8.64011,8.9166,8.49788
01:38.6,,,,,7.85674,8.66315,8.98572,8.47484
01:38.7,,,,,7.85674,8.59403,8.96268,8.42876
01:38.8,,,,,7.9489,8.66315,8.96268,8.47484
01:38.9,,,,,7.8337,8.57099,8.89356,8.54396
01:39.0,,,,,7.85674,8.59403,8.9166,8.52092
01:39.1,,,,,7.90282,8.57099,8.98572,8.49788
01:39.2,,,,,7.78762,8.61707,8.98572,8.54396
01:39.3,,,,,7.85674,8.59403,8.93964,8.42876
01:39.4,,,,,7.85674,8.57099,8.96268,8.42876
01:39.5,,,,,7.81066,8.64011,8.9166,8.47484
01:39.6,,,,,7.87978,8.57099,8.96268,8.4518
01:39.7,,,,,7.87978,8.64011,9.00876,8.4518
01:39.8,,,,,7.90282,8.61707,8.9166,8.40572
01:39.9,,,,,7.85674,8.61707,8.98572,8.4518
01:40.0,,,,,7.85674,8.59403,8.98572,8.42876
01:40.1,,,,,7.85674,8.61707,8.93964,8.42876
01:40.2,,,,,7.8337,8.57099,8.93964,8.52092
01:40.3,,,,,7.87978,8.61707,8.9166,8.40572
01:40.4,,,,,7.87978,8.59403,8.9166,8.42876
01:40.5,,,,,7.8337,8.64011,8.9166,8.40572
01:40.6,,,,,7.87978,8.61707,9.00876,8.4518
01:40.7,,,,,7.87978,8.61707,8.89356,8.4518
01:40.8,,,,,7.90282,8.64011,8.89356,8.42876
01:40.9,,,,,7.90282,8.59403,8.9166,8.47484
01:41.0,,,,,7.90282,8.66315,8.98572,8.38268
01:41.1,,,,,7.92586,8.57099,8.89356,8.42876
01:41.2,,,,,7.92586,8.64011,8.93964,8.4518
01:41.3,,,,,7.90282,8.57099,8.96268,8.4518
01:41.4,,,,,7.85674,8.59403,8.93964,8.54396
01:41.5,,,,,7.87978,8.66315,8.96268,8.42876
01:41.6,,,,,7.85674,8.61707,8.96268,8.49788
01:41.7,,,,,7.8337,8.61707,8.9166,8.38268
01:41.8,,,,,7.87978,8.64011,8.96268,8.47484
01:41.9,,,,,7.90282,8.61707,8.96268,8.40572
01:42.0,,,,,7.85674,8.59403,8.87052,8.4518
01:42.1,,,,,7.87978,8.68619,8.9166,8.4518
01:42.2,,,,,7.85674,8.54795,8.89356,8.47484
01:42.3,,,,,0.28826,8.61707,8.98572,8.52092
01:42.4,,,,,0,8.61707,8.93964,8.52092
01:42.5,,,,,0,8.59403,8.9166,8.4518
01:42.6,,,,,0,8.59403,8.9166,8.52092
01:42.7,,,,,0,8.57099,8.9166,8.49788
01:42.8,,,,,0,8.59403,8.98572,8.40572
01:42.9,,,,,0,8.59403,8.9166,8.49788
01:43.0,,,,,0,8.61707,8.93964,8.42876
01:43.1,,,,,0.01744,8.64011,8.93964,8.49788
01:43.2,,,,,0,8.57099,8.96268,8.47484
01:43.3,,,,,0,8.59403,8.96268,8.49788
01:43.4,,,,,,8.66315,8.96268,8.49788
01:43.5,,,,,,8.59403,8.9166,8.4518
01:43.6,,,,,,8.66315,8.96268,8.42876
01:43.7,,,,,,8.57099,8.98572,8.4518
01:43.8,,,,,,8.61707,8.9166,8.42876
01:43.9,,,,,,8.61707,8.93964,8.47484
01:44.0,,,,,,8.61707,8.96268,8.42876
01:44.1,,,,,,8.59403,8.96268,8.49788
01:44.2,,,,,,8.59403,8.89356,8.42876
01:44.3,,,,,,8.64011,8.89356,8.54396
01:44.4,,,,,,8.61707,8.89356,8.47484
01:44.5,,,,,,8.66315,8.98572,8.4518
01:44.6,,,,,,8.64011,8.82443,8.49788
01:44.7,,,,,,8.59403,8.9166,8.40572
01:44.8,,,,,,8.68619,8.93964,8.4518
01:44.9,,,,,,8.57099,9.05484,8.47484
01:45.0,,,,,,8.59403,8.87052,8.42876
01:45.1,,,,,,8.66315,9.0318,8.47484
01:45.2,,,,,,8.66315,8.9166,8.42876
01:45.3,,,,,,8.61707,8.98572,8.4518
01:45.4,,,,,,8.64011,8.9166,8.52092
01:45.5,,,,,,8.61707,8.96268,8.4518
01:45.6,,,,,,8.59403,8.96268,8.52092
01:45.7,,,,,,8.64011,8.93964,8.47484
01:45.8,,,,,,8.54795,9.0318,8.40572
01:45.9,,,,,,8.61707,8.96268,8.42876
01:46.0,,,,,,8.57099,8.93964,8.42876
01:46.1,,,,,,8.66315,8.96268,8.35964
01:46.2,,,,,,8.54795,0.27648,8.40572
01:46.3,,,,,,8.59403,0.03964,8.42876
01:46.4,,,,,,8.59403,0.0242,8.31356
01:46.5,,,,,,8.59403,0.02781,8.42876
01:46.6,,,,,,8.61707,0.02795,8.49788
01:46.7,,,,,,8.68619,,8.40572
01:46.8,,,,,,8.61707,,8.42876
01:46.9,,,,,,8.64011,,8.38268
01:47.0,,,,,,8.59403,,8.47484
01:47.1,,,,,,8.57099,,8.42876
01:47.2,,,,,,8.59403,,8.49788
01:47.3,,,,,,8.59403,,0.01684
01:47.4,,,,,,8.64011,,0
01:47.5,,,,,,8.59403,,0.01177
01:47.6,,,,,,8.61707,,
01:47.7,,,,,,8.64011,,
01:47.8,,,,,,8.59403,,
01:47.9,,,,,,8.61707,,
01:48.0,,,,,,8.57099,,
01:48.1,,,,,,8.61707,,
01:48.2,,,,,,8.66315,,
01:48.3,,,,,,8.68619,,
01:48.4,,,,,,8.57099,,
01:48.5,,,,,,8.66315,,
01:48.6,,,,,,8.59403,,
01:48.7,,,,,,8.64011,,
01:48.8,,,,,,8.61707,,
01:48.9,,,,,,8.64011,,
01:49.0,,,,,,8.57099,,
01:49.1,,,,,,8.64011,,
01:49.2,,,,,,8.61707,,
01:49.3,,,,,,8.59403,,
01:49.4,,,,,,8.66315,,
01:49.5,,,,,,8.66315,,
01:49.6,,,,,,8.61707,,
01:49.7,,,,,,8.68619,,
01:49.8,,,,,,8.64011,,
01:49.9,,,,,,8.59403,,
01:50.0,,,,,,8.64011,,
01:50.1,,,,,,8.61707,,
01:50.2,,,,,,8.66315,,
01:50.3,,,,,,8.64011,,
01:50.4,,,,,,8.59403,,
01:50.5,,,,,,8.64011,,
01:50.6,,,,,,8.59403,,
01:50.7,,,,,,8.64011,,
01:50.8,,,,,,8.61707,,
01:50.9,,,,,,8.66315,,
01:51.0,,,,,,8.68619,,
01:51.1,,,,,,8.66315,,
01:51.2,,,,,,8.59403,,
01:51.3,,,,,,8.61707,,
01:51.4,,,,,,8.61707,,
01:51.5,,,,,,8.64011,,
01:51.6,,,,,,8.64011,,
01:51.7,,,,,,8.59403,,
01:51.8,,,,,,8.64011,,
01:51.9,,,,,,8.61707,,
01:52.0,,,,,,8.64011,,
01:52.1,,,,,,8.64011,,
01:52.2,,,,,,8.68619,,
01:52.3,,,,,,8.64011,,
01:52.4,,,,,,8.61707,,
01:52.5,,,,,,8.57099,,
01:52.6,,,,,,8.68619,,
01:52.7,,,,,,8.59403,,
01:52.8,,,,,,8.59403,,
01:52.9,,,,,,8.64011,,
01:53.0,,,,,,8.54795,,
01:53.1,,,,,,8.59403,,
01:53.2,,,,,,8.64011,,
01:53.3,,,,,,8.64011,,
01:53.4,,,,,,8.61707,,
01:53.5,,,,,,8.66315,,
01:53.6,,,,,,8.70923,,
01:53.7,,,,,,8.64011,,
01:53.8,,,,,,8.59403,,
01:53.9,,,,,,8.45579,,
01:54.0,,,,,,8.59403,,
01:54.1,,,,,,,,
01:54.2,,,,,,,,
01:54.3,,,,,,,,
01:54.4,,,,,,,,
01:54.5,,,,,,,,
01:54.6,,,,,,,,
01:54.7,,,,,,,,
01:54.8,,,,,,,,
01:54.9,,,,,,,,
01:55.0,,,,,,,,
